id,on_plate,near3px,near6px,gain,median_offset_px,median_offset_m,p90_offset_px,osm_iou,osm_idx,area_m2_ground,qa_class
1,True,0.75,0.9410569105691057,0.029471544715447218,0.0,0.0,5.0,0.028360259663222816,25.0,178.5352222570099,weak_ink_support
2,True,0.1789755807027993,0.22156045265038712,-0.008040500297796294,21.587032318115234,4.733916156029647,60.842415618896496,0.5871819580386144,3472.0,8326.463364316232,modern_proxy_suspect
3,True,0.7060185185185185,0.8016975308641975,0.14756944444444442,0.0,0.0,14.142135620117188,0.0,,602.4957076677058,aligned
4,True,0.49323131253678637,0.5773984696880518,-0.0459093584461448,3.1622776985168457,0.6934699159318334,16.50452690124512,0.2068059296869597,3151.0,822.0172224511293,weak_ink_support
5,True,0.3790504898266767,0.5259984928409948,-0.039186134137151496,5.656854152679443,1.240516661625617,14.764822959899902,0.09007163676209147,16.0,618.141777295722,weak_ink_support
6,True,0.5416078984485191,0.9040902679830748,0.02186177715091686,2.2360680103302,0.49035728135730183,6.0,0.0,,343.98153030263063,weak_ink_support
7,True,0.6035889070146819,0.833605220228385,-0.03711256117455142,2.0,0.4385888793113147,7.071067810058594,0.08908362142148261,3150.0,241.53691545500004,weak_ink_support
8,True,0.4506024096385542,0.5975903614457831,-0.00030120481927709,3.605551242828369,0.7906773394458062,13.03840446472168,0.0,,518.5119094235707,weak_ink_support
9,True,0.48834628190899,0.6126526082130965,-0.09017758046614877,3.605551242828369,0.7906773394458062,10.0,0.0,,476.0965716546632,weak_ink_support
10,True,0.5936034115138593,0.7304904051172708,0.021321961620469176,1.4142135381698608,0.31012916540640423,10.0,0.9922635157807222,2018.0,1972.1692550011032,modern_proxy_suspect
11,True,0.41162514827995256,0.5397390272835113,-0.04507710557532618,5.0,1.0964721982782868,13.030723571777346,0.0,,465.0384116013666,weak_ink_support
12,True,0.3745051464766429,0.5075217735550277,0.008709422011084711,5.830951690673828,1.278695283665525,50.99803924560547,0.9709417280204903,1922.0,970.4172276785375,modern_proxy_suspect
13,True,0.4446308724832215,0.4848993288590604,-0.014261744966442946,6.889636039733887,1.510858874764865,22.135944366455078,0.3649900004473716,2040.0,265.8977207043136,weak_ink_support
14,True,0.851528384279476,0.9519650655021834,0.1626637554585152,1.0,0.21929443965565734,3.605551242828369,0.030618196595221487,3068.0,339.1019005373998,aligned
15,True,0.581772784019975,0.6891385767790262,-0.0898876404494382,0.0,0.0,11.661903381347656,0.21332615463318727,2268.0,451.54640321092984,weak_ink_support
16,True,0.689041095890411,0.8575342465753425,0.13184931506849307,0.0,0.0,9.899495124816895,0.10883370684806526,2059.0,385.11821992383415,aligned
17,True,0.6686478454680534,0.7518573551263001,0.2481426448736998,0.0,0.0,11.401754379272461,0.3135375295107734,2465.0,333.48360837638256,aligned
18,True,0.8013245033112583,0.9238410596026491,-0.0008278145695364003,0.0,0.0,5.0,0.1973644568463732,2070.0,271.5176850699228,weak_ink_support
19,True,0.48297213622291024,0.5278637770897833,-0.016253869969040213,4.123105525970459,0.9041741159588362,18.788293838500977,0.0,,243.8602867349098,weak_ink_support
20,True,0.4354243542435424,0.5627306273062731,-0.13191881918819193,5.0,1.0964721982782868,14.764822959899902,0.10540548214864742,2062.0,220.67396593414867,weak_ink_support
21,True,0.9474747474747475,0.997979797979798,0.4065656565656566,1.4142135381698608,0.31012916540640423,2.8284270763397217,0.09798848148465399,2027.0,175.77436773433217,aligned
22,True,0.7027914614121511,0.8160919540229885,0.14367816091954033,0.0,0.0,11.805070686340354,0.28272523549987466,2237.0,275.62135084992667,aligned
23,True,0.5051020408163265,0.6683673469387755,-0.03188775510204089,2.8284270763397217,0.6202583308128085,17.492855072021484,0.05983687744901574,3098.0,258.58779635672045,weak_ink_support
24,True,0.45937961595273263,0.5790251107828656,-0.07976366322008871,4.242640495300293,0.9303874700772783,12.727922439575195,0.15325923498658703,2271.0,339.9532575553563,weak_ink_support
25,True,0.42948717948717946,0.6474358974358975,-0.05048076923076922,4.123105525970459,0.9041741159588362,12.723363399505628,0.8937358155538839,2007.0,275.9821420741122,modern_proxy_suspect
26,True,0.0,0.0,-0.01449671772428884,51.195701599121094,11.226932694957501,91.94667816162111,0.0,,490.04163681012636,weak_ink_support
27,True,0.4686907020872865,0.7552182163187856,-0.04981024667931694,3.605551242828369,0.7906773394458062,14.866068840026855,0.22369409564092801,2048.0,181.7645613180908,weak_ink_support
28,True,0.5749525616698292,0.6698292220113852,0.01755218216318788,2.0,0.4385888793113147,12.083045959472656,0.21065332077651325,2089.0,187.59769743822162,weak_ink_support
29,True,0.47674418604651164,0.49667774086378735,-0.005813953488372048,6.082762718200684,1.3339160418461422,25.41824760437011,0.38442800199757804,1998.0,264.5941750535126,weak_ink_support
30,True,0.9567642956764296,0.99860529986053,0.27684797768479785,0.0,0.0,2.0,0.0,,228.81006329080674,aligned
31,True,0.5141202027516293,0.667632150615496,0.0019913106444605644,2.8284270763397217,0.6202583308128085,11.704699516296387,0.0,,630.0992674886121,weak_ink_support
32,True,0.8291666666666667,0.8875,0.2635416666666667,0.0,0.0,6.7082037925720215,0.0,,135.74664262923872,aligned
33,True,0.462729912875121,0.5556631171345595,0.07696030977734758,4.123105525970459,0.9041741159588362,14.866068840026855,0.0,,569.7779748052585,weak_ink_support
34,True,0.5264012997562957,0.7018683996750609,0.009341998375304583,2.8284270763397217,0.6202583308128085,9.848857879638672,0.0020544955974018233,3320.0,524.9333840728298,weak_ink_support
35,True,0.710997442455243,0.840153452685422,0.019181585677749413,0.0,0.0,11.0,0.13145256094400598,2051.0,446.50699511929815,weak_ink_support
36,True,0.6256983240223464,0.8100558659217877,-0.013500931098696434,1.4142135381698608,0.31012916540640423,8.062257766723633,0.0661044625393587,3068.0,215.57749661748576,weak_ink_support
37,True,0.525089605734767,0.6845878136200717,-0.12768817204301075,2.2360680103302,0.49035728135730183,17.47283058166504,0.05141222295313988,2012.0,233.8007053539679,weak_ink_support
38,True,0.5452380952380952,0.6476190476190476,0.06607142857142856,2.2360680103302,0.49035728135730183,17.464248657226562,0.0,,131.8209237528195,weak_ink_support
39,True,0.29294117647058826,0.30823529411764705,0.1470588235294118,38.327537536621094,8.405015867474496,64.40884857177734,0.004381171191676028,3141.0,467.34588305221,weak_ink_support
40,True,0.7811023622047244,0.8393700787401575,0.14960629921259838,0.0,0.0,9.219544410705566,0.140172088082508,2193.0,281.3140607303107,aligned
41,True,0.4459770114942529,0.5908045977011495,-0.09425287356321838,4.123105525970459,0.9041741159588362,12.30421237945557,0.15971994979598222,2296.0,129.80345796770325,weak_ink_support
42,True,0.8651399491094147,0.9389312977099237,0.12595419847328237,0.0,0.0,4.426236915588381,0.0,,52.56424999190722,aligned
43,True,0.5152173913043478,0.6456521739130435,0.0690217391304348,3.0,0.657883318966972,8.246211051940918,0.0,,157.1116310056033,weak_ink_support
44,True,0.37237237237237236,0.4174174174174174,0.00525525525525522,12.0,2.631533275867888,24.041629791259766,0.009187748663202974,2108.0,77.52850580315082,weak_ink_support
45,True,0.6996699669966997,0.8795379537953796,0.10726072607260728,0.0,0.0,6.4031243324279785,0.26210896095865815,2037.0,259.0564454703111,aligned
46,True,0.7232704402515723,0.7421383647798742,0.08018867924528295,0.0,0.0,9.433980941772461,0.10954250641255019,1927.0,168.95855003029604,weak_ink_support
47,True,0.6637931034482759,0.7607758620689655,0.09644396551724144,2.0,0.4385888793113147,8.9442720413208,0.10319504143633786,1927.0,159.1682091491963,weak_ink_support
48,True,0.2951167728237792,0.6815286624203821,-0.17887473460721875,5.385164737701416,1.1809366836076371,7.280109882354736,0.1130545371407637,1920.0,166.4798738149159,weak_ink_support
49,True,1.0,1.0,0.5263157894736842,0.0,0.0,1.0,0.031370128089174346,1920.0,84.99706643648196,aligned
50,True,0.6327868852459017,0.7836065573770492,-0.0057377049180328266,0.0,0.0,8.03735466003418,0.0,,69.56109814030123,weak_ink_support
51,True,0.6179039301310044,0.7860262008733624,-0.006004366812227047,0.0,0.0,9.848857879638672,0.20667673696471683,2381.0,157.8123622184794,weak_ink_support
52,True,0.523990860624524,0.6587966488956588,-0.011424219345011366,2.8284270763397217,0.6202583308128085,14.532616806030267,0.0,,772.3311691061665,weak_ink_support
53,True,0.4542897327707454,0.4620253164556962,0.0,15.81138801574707,3.4673494750914293,19.010464859008803,0.31550211676259293,1907.0,906.234197641819,weak_ink_support
54,True,0.198005698005698,0.21153846153846154,-0.09757834757834755,14.317821502685547,3.139818643521149,26.172504425048828,0.03267266387694294,2095.0,1122.545477205463,weak_ink_support
59,True,0.3134978229317852,0.41944847605224966,-0.042271407837445596,9.0,1.973649956900916,23.119202232360834,0.15810385019784104,2157.0,1408.870081566244,weak_ink_support
60,True,0.0,0.0,0.0,621.0115966796875,136.18439011353715,694.71142578125,0.37679270990164504,1596.0,905.5549268535101,weak_ink_support
63,True,0.0,0.0,-0.003520499108734403,53.45091247558594,11.721487900417202,108.72441864013672,0.0009127933515229824,3215.0,15933.205952754246,weak_ink_support
65,True,0.6107114308553158,0.7889688249400479,-0.06434852118305356,1.4142135381698608,0.31012916540640423,19.84943389892578,0.23422405161308701,1.0,686.7111230602004,weak_ink_support
67,False,,,,,,,,,,off_plate
68,True,0.4520123839009288,0.541795665634675,-0.02941176470588236,5.0,1.0964721982782868,19.697715759277344,0.3167928038615913,1971.0,1860.4055357508926,weak_ink_support
69,True,0.37464522232734154,0.521286660359508,0.029564806054872272,5.656854152679443,1.240516661625617,25.079872131347656,0.3775701390892957,3084.0,714.1905579101575,weak_ink_support
72,True,0.4619151251360174,0.675734494015234,0.03250816104461374,3.605551242828369,0.7906773394458062,13.03840446472168,0.0,,2253.368480859972,weak_ink_support
