ogc_fid,rulefile,n,median_offset_px,median_abs_offset_px,median_width_px,median_abs_offset_m,median_width_m
1,roads.cga,12,-8.25,8.25,50.5,1.809179127159173,11.074369202610695
2,roads.cga,19,5.0,5.0,51.0,1.0964721982782868,11.184016422438525
3,roads.cga,2,0.0,0.0,2.0,0.0,0.4385888793113147
4,roads.cga,0,,,,,
5,roads.cga,0,,,,,
6,roads.cga,0,,,,,
7,roads.cga,16,8.5,8.5,50.0,1.8640027370730874,10.964721982782867
8,roads.cga,17,0.0,0.0,2.0,0.0,0.4385888793113147
9,roads.cga,18,5.0,5.0,22.0,1.0964721982782868,4.824477672424462
10,roads.cga,26,0.0,0.0,2.0,0.0,0.4385888793113147
11,roads.cga,21,0.0,0.0,2.0,0.0,0.4385888793113147
12,roads.cga,13,1.0,1.0,12.0,0.21929443965565734,2.631533275867888
13,roads.cga,0,,,,,
14,roads.cga,6,0.0,0.0,2.0,0.0,0.4385888793113147
15,roads.cga,12,-3.5,3.5,55.0,0.7675305387948007,12.061194181061154
16,roads.cga,3,-9.0,9.0,64.0,1.973649956900916,14.03484413796207
17,piers.cga,0,,,,,
18,roads.cga,21,-2.5,2.5,45.0,0.5482360991391434,9.868249784504581
19,roads.cga,0,,,,,
20,roads.cga,8,-14.25,14.25,34.5,3.124945765093117,7.565658168120179
21,roads.cga,17,0.0,0.0,2.0,0.0,0.4385888793113147
22,roads.cga,25,0.0,1.5,11.0,0.328941659483486,2.412238836212231
23,roads.cga,0,,,,,
24,roads.cga,6,0.0,0.0,2.0,0.0,0.4385888793113147
25,piers.cga,20,0.0,1.75,7.5,0.38376526939740035,1.64470829741743
26,roads.cga,0,,,,,
27,piers.cga,0,,,,,
28,roads.cga,0,,,,,
29,roads.cga,13,-3.0,3.0,45.0,0.657883318966972,9.868249784504581
30,roads.cga,22,12.0,12.0,46.0,2.631533275867888,10.087544224160238
31,piers.cga,8,0.0,2.5,10.0,0.5482360991391434,2.1929443965565736
32,roads.cga,0,,,,,
33,roads.cga,3,0.0,0.0,2.0,0.0,0.4385888793113147
34,roads.cga,19,0.0,0.0,2.0,0.0,0.4385888793113147
35,roads.cga,11,0.0,0.0,2.0,0.0,0.4385888793113147
36,roads.cga,0,,,,,
37,roads.cga,15,2.0,2.0,53.0,0.4385888793113147,11.62260530174984
38,roads.cga,0,,,,,
39,roads.cga,15,-13.5,13.5,30.0,2.960474935351374,6.57883318966972
40,roads.cga,14,6.5,7.0,50.0,1.5350610775896014,10.964721982782867
41,roads.cga,12,0.0,0.0,2.0,0.0,0.4385888793113147
42,roads.cga,3,0.0,0.0,2.0,0.0,0.4385888793113147
43,roads.cga,11,0.0,1.5,5.0,0.328941659483486,1.0964721982782868
44,roads.cga,0,,,,,
45,roads.cga,15,-3.5,4.0,41.0,0.8771777586226294,8.991072025881952
46,piers.cga,34,0.0,0.0,2.0,0.0,0.4385888793113147
47,roads.cga,0,,,,,
48,piers.cga,0,,,,,
49,roads.cga,24,0.0,0.0,2.0,0.0,0.4385888793113147
50,roads.cga,10,-14.0,14.0,52.0,3.070122155179203,11.403310862094182
51,piers.cga,5,0.0,0.0,2.0,0.0,0.4385888793113147
52,roads.cga,2,-0.25,0.25,2.5,0.054823609913914335,0.5482360991391434
53,roads.cga,11,0.0,0.0,2.0,0.0,0.4385888793113147
54,piers.cga,22,1.75,1.75,10.0,0.38376526939740035,2.1929443965565736
55,roads.cga,6,16.5,16.5,48.0,3.618358254318346,10.526133103471553
56,roads.cga,10,18.5,18.5,45.0,4.056947133629661,9.868249784504581
57,roads.cga,22,-4.0,4.0,12.0,0.8771777586226294,2.631533275867888
58,roads.cga,20,-1.25,2.5,28.0,0.5482360991391434,6.140244310358406
59,roads.cga,0,,,,,
60,roads.cga,17,4.0,4.0,57.0,0.8771777586226294,12.499783060372469
61,piers.cga,0,,,,,
62,roads.cga,11,0.0,2.0,6.0,0.4385888793113147,1.315766637933944
63,roads.cga,0,,,,,
64,roads.cga,0,,,,,
65,piers.cga,10,0.75,1.75,23.0,0.38376526939740035,5.043772112080119
66,roads.cga,0,,,,,
67,roads.cga,17,-9.0,9.0,44.0,1.973649956900916,9.648955344848924
68,roads.cga,1,-21.5,21.5,45.0,4.714830452596633,9.868249784504581
69,roads.cga,12,6.75,6.75,22.0,1.480237467675687,4.824477672424462
70,roads.cga,0,,,,,
71,roads.cga,22,0.0,5.25,24.0,1.1512958081922011,5.263066551735776
72,roads.cga,22,-8.5,8.5,51.0,1.8640027370730874,11.184016422438525
73,roads.cga,0,,,,,
74,piers.cga,5,0.0,1.5,8.0,0.328941659483486,1.7543555172452587
75,roads.cga,0,,,,,
76,roads.cga,0,,,,,
77,roads.cga,3,0.0,0.0,2.0,0.0,0.4385888793113147
78,roads.cga,0,,,,,
79,roads.cga,0,,,,,
80,roads.cga,27,15.5,15.5,53.0,3.399063814662689,11.62260530174984
81,roads.cga,20,0.0,1.0,14.5,0.21929443965565734,3.1797693750070315
82,piers.cga,24,0.0,0.5,4.0,0.10964721982782867,0.8771777586226294
83,roads.cga,0,,,,,
84,roads.cga,0,,,,,
85,roads.cga,14,0.0,0.0,2.0,0.0,0.4385888793113147
86,roads.cga,0,,,,,
87,roads.cga,21,-14.0,14.0,50.0,3.070122155179203,10.964721982782867
88,roads.cga,0,,,,,
89,piers.cga,0,,,,,
90,roads.cga,0,,,,,
91,roads.cga,26,0.0,0.0,2.0,0.0,0.4385888793113147
92,roads.cga,0,,,,,
93,roads.cga,4,20.0,20.0,46.5,4.385888793113147,10.197191443988068
94,roads.cga,24,0.0,0.5,10.5,0.10964721982782867,2.3025916163844022
95,roads.cga,10,0.0,0.5,30.0,0.10964721982782867,6.57883318966972
96,roads.cga,17,0.0,5.5,47.0,1.2061194181061154,10.306838663815896
97,roads.cga,16,0.0,0.0,2.0,0.0,0.4385888793113147
98,roads.cga,0,,,,,
99,roads.cga,24,0.0,4.0,28.0,0.8771777586226294,6.140244310358406
100,roads.cga,0,,,,,
101,roads.cga,8,12.25,12.25,35.5,2.6863568857818025,7.784952607775836
102,roads.cga,0,,,,,
103,roads.cga,9,-5.0,5.0,66.0,1.0964721982782868,14.473433017273384
104,roads.cga,11,1.0,1.5,50.0,0.328941659483486,10.964721982782867
105,roads.cga,0,,,,,
106,piers.cga,0,,,,,
107,roads.cga,6,0.0,0.0,2.0,0.0,0.4385888793113147
108,roads.cga,12,3.5,3.5,12.0,0.7675305387948007,2.631533275867888
109,roads.cga,11,0.0,1.0,13.0,0.21929443965565734,2.8508277155235455
110,piers.cga,22,0.0,1.0,15.0,0.21929443965565734,3.28941659483486
111,roads.cga,21,0.0,3.5,22.0,0.7675305387948007,4.824477672424462
112,roads.cga,24,0.0,0.0,2.0,0.0,0.4385888793113147
113,roads.cga,0,,,,,
114,roads.cga,17,0.0,0.0,2.0,0.0,0.4385888793113147
115,roads.cga,20,-15.0,15.0,50.0,3.28941659483486,10.964721982782867
116,roads.cga,30,0.0,4.0,21.5,0.8771777586226294,4.714830452596633
117,piers.cga,24,12.5,12.5,42.5,2.741180495695717,9.320013685365439
118,piers.cga,12,0.0,0.0,2.0,0.0,0.4385888793113147
119,roads.cga,0,,,,,
120,roads.cga,0,,,,,
121,roads.cga,11,0.0,5.5,26.0,1.2061194181061154,5.701655431047091
122,roads.cga,18,0.0,5.5,39.0,1.2061194181061154,8.552483146570637
123,Landscape_Design_Greenspace/Greenspace Construction.cga,4,2.75,2.75,8.5,0.6030597090530577,1.8640027370730874
124,roads.cga,9,0.5,0.5,39.0,0.10964721982782867,8.552483146570637
125,roads.cga,0,,,,,
126,roads.cga,0,,,,,
127,roads.cga,24,3.0,3.0,38.0,0.657883318966972,8.33318870691498
128,roads.cga,6,-2.25,2.25,47.5,0.493412489225229,10.416485883643725
129,roads.cga,0,,,,,
130,roads.cga,0,,,,,
131,roads.cga,0,,,,,
132,roads.cga,0,,,,,
133,roads.cga,14,1.25,2.5,49.5,0.5482360991391434,10.855074762955038
134,roads.cga,0,,,,,
135,roads.cga,24,-2.25,3.0,20.5,0.657883318966972,4.495536012940976
136,piers.cga,14,1.5,1.5,8.0,0.328941659483486,1.7543555172452587
137,roads.cga,0,,,,,
138,roads.cga,17,0.0,0.0,2.0,0.0,0.4385888793113147
139,roads.cga,0,,,,,
140,roads.cga,0,,,,,
141,roads.cga,5,-4.0,4.0,49.0,0.8771777586226294,10.74542754312721
142,roads.cga,14,0.0,0.0,2.0,0.0,0.4385888793113147
143,roads.cga,0,,,,,
144,roads.cga,22,0.0,1.75,57.0,0.38376526939740035,12.499783060372469
145,roads.cga,23,0.0,4.0,24.0,0.8771777586226294,5.263066551735776
146,roads.cga,0,,,,,
147,roads.cga,10,-9.5,9.5,66.0,2.083297176728745,14.473433017273384
148,roads.cga,0,,,,,
149,piers.cga,28,-9.25,9.25,46.0,2.0284735668148306,10.087544224160238
150,roads.cga,9,1.5,1.5,5.0,0.328941659483486,1.0964721982782868
151,roads.cga,11,11.5,11.5,47.0,2.5218860560400596,10.306838663815896
152,roads.cga,15,0.0,8.5,45.0,1.8640027370730874,9.868249784504581
153,roads.cga,0,,,,,
154,roads.cga,0,,,,,
155,roads.cga,13,-1.5,1.5,21.0,0.328941659483486,4.6051832327688045
156,roads.cga,17,1.5,1.5,41.0,0.328941659483486,8.991072025881952
157,roads.cga,0,,,,,
158,piers.cga,0,,,,,
159,roads.cga,20,-0.5,3.25,14.0,0.7127069288808864,3.070122155179203
160,roads.cga,14,-1.0,2.5,11.5,0.5482360991391434,2.5218860560400596
161,roads.cga,12,0.0,0.0,2.0,0.0,0.4385888793113147
162,roads.cga,21,0.0,0.0,2.0,0.0,0.4385888793113147
163,piers.cga,30,0.0,1.25,7.0,0.2741180495695717,1.5350610775896014
164,roads.cga,0,,,,,
165,roads.cga,15,0.0,0.0,2.0,0.0,0.4385888793113147
166,piers.cga,13,0.0,1.5,11.0,0.328941659483486,2.412238836212231
167,roads.cga,12,-11.75,11.75,51.0,2.576709665953974,11.184016422438525
168,roads.cga,9,0.0,4.0,21.0,0.8771777586226294,4.6051832327688045
169,roads.cga,15,-0.5,1.5,22.0,0.328941659483486,4.824477672424462
170,roads.cga,19,-3.0,3.0,13.0,0.657883318966972,2.8508277155235455
171,roads.cga,17,0.0,0.0,2.0,0.0,0.4385888793113147
172,roads.cga,0,,,,,
173,roads.cga,3,3.0,3.0,80.0,0.657883318966972,17.54355517245259
174,roads.cga,18,0.0,0.0,2.0,0.0,0.4385888793113147
175,roads.cga,5,1.0,1.0,84.0,0.21929443965565734,18.420732931075218
176,roads.cga,12,0.0,3.5,24.5,0.7675305387948007,5.372713771563605
177,roads.cga,20,0.0,4.75,25.0,1.0416485883643725,5.482360991391434
178,roads.cga,7,7.0,7.0,57.0,1.5350610775896014,12.499783060372469
179,roads.cga,2,-17.75,17.75,39.5,3.892476303887918,8.662130366398467
180,roads.cga,1,-21.0,21.0,46.0,4.6051832327688045,10.087544224160238
181,roads.cga,11,0.0,6.0,25.0,1.315766637933944,5.482360991391434
182,roads.cga,0,,,,,
183,roads.cga,19,0.0,2.5,9.0,0.5482360991391434,1.973649956900916
184,roads.cga,13,0.0,0.0,2.0,0.0,0.4385888793113147
185,piers.cga,21,-2.5,2.5,10.0,0.5482360991391434,2.1929443965565736
186,roads.cga,16,0.0,2.75,36.5,0.6030597090530577,8.004247047431495
187,piers.cga,0,,,,,
188,roads.cga,17,10.0,10.0,30.0,2.1929443965565736,6.57883318966972
189,roads.cga,0,,,,,
190,roads.cga,9,8.5,8.5,23.0,1.8640027370730874,5.043772112080119
191,roads.cga,0,,,,,
192,roads.cga,14,0.0,0.0,2.0,0.0,0.4385888793113147
193,roads.cga,21,0.0,0.0,2.0,0.0,0.4385888793113147
194,roads.cga,18,0.5,3.75,38.0,0.822354148708715,8.33318870691498
195,roads.cga,28,0.0,0.0,2.0,0.0,0.4385888793113147
196,roads.cga,14,0.0,1.0,16.0,0.21929443965565734,3.5087110344905175
197,roads.cga,16,0.0,1.5,21.0,0.328941659483486,4.6051832327688045
198,roads.cga,0,,,,,
199,piers.cga,9,0.0,0.0,2.0,0.0,0.4385888793113147
200,piers.cga,5,0.5,1.0,4.0,0.21929443965565734,0.8771777586226294
201,roads.cga,10,0.0,1.75,33.5,0.38376526939740035,7.346363728464522
202,roads.cga,9,-6.5,6.5,51.0,1.4254138577617728,11.184016422438525
203,roads.cga,14,0.0,0.0,2.0,0.0,0.4385888793113147
204,piers.cga,10,0.0,1.0,4.5,0.21929443965565734,0.986824978450458
205,roads.cga,23,-1.5,4.0,50.0,0.8771777586226294,10.964721982782867
206,roads.cga,34,0.0,2.0,11.5,0.4385888793113147,2.5218860560400596
207,roads.cga,0,,,,,
208,roads.cga,16,-6.5,6.5,20.5,1.4254138577617728,4.495536012940976
209,roads.cga,0,,,,,
210,roads.cga,7,0.0,0.0,2.0,0.0,0.4385888793113147
211,roads.cga,30,4.0,4.0,34.0,0.8771777586226294,7.45601094829235
212,roads.cga,16,0.0,0.0,2.0,0.0,0.4385888793113147
213,roads.cga,16,2.25,3.25,17.0,0.7127069288808864,3.728005474146175
214,roads.cga,0,,,,,
215,piers.cga,0,,,,,
216,roads.cga,18,4.25,4.25,33.0,0.9320013685365437,7.236716508636692
217,roads.cga,2,0.0,0.0,2.0,0.0,0.4385888793113147
218,roads.cga,0,,,,,
219,piers.cga,2,0.0,0.0,2.0,0.0,0.4385888793113147
220,roads.cga,0,,,,,
221,piers.cga,11,0.0,0.0,2.0,0.0,0.4385888793113147
222,piers.cga,12,0.0,0.0,2.0,0.0,0.4385888793113147
223,roads.cga,0,,,,,
224,roads.cga,17,0.0,6.0,27.0,1.315766637933944,5.920949870702748
225,roads.cga,21,0.0,6.0,42.0,1.315766637933944,9.210366465537609
226,roads.cga,0,,,,,
227,roads.cga,0,,,,,
228,piers.cga,0,,,,,
229,piers.cga,9,0.0,1.5,9.0,0.328941659483486,1.973649956900916
230,roads.cga,6,0.0,0.75,16.5,0.164470829741743,3.618358254318346
231,roads.cga,0,,,,,
232,piers.cga,13,0.0,4.0,18.0,0.8771777586226294,3.947299913801832
233,roads.cga,4,-0.25,1.0,23.5,0.21929443965565734,5.153419331907948
234,roads.cga,25,13.5,13.5,53.0,2.960474935351374,11.62260530174984
235,Landscape_Design_Greenspace/Greenspace Construction.cga,0,,,,,
236,piers.cga,17,0.0,9.5,38.0,2.083297176728745,8.33318870691498
237,roads.cga,17,-1.0,1.5,19.0,0.328941659483486,4.16659435345749
238,roads.cga,0,,,,,
239,roads.cga,19,0.0,3.0,26.0,0.657883318966972,5.701655431047091
240,piers.cga,6,0.0,0.0,2.0,0.0,0.4385888793113147
241,roads.cga,14,-2.75,2.75,52.5,0.6030597090530577,11.51295808192201
242,roads.cga,0,,,,,
243,roads.cga,30,-6.5,6.5,52.0,1.4254138577617728,11.403310862094182
244,roads.cga,14,-8.0,8.0,60.0,1.7543555172452587,13.15766637933944
245,roads.cga,8,2.25,2.25,10.5,0.493412489225229,2.3025916163844022
246,roads.cga,0,,,,,
247,roads.cga,8,0.0,1.0,8.5,0.21929443965565734,1.8640027370730874
248,roads.cga,0,,,,,
249,roads.cga,16,-16.75,16.75,41.0,3.673181864232261,8.991072025881952
250,roads.cga,15,0.0,3.0,10.0,0.657883318966972,2.1929443965565736
251,roads.cga,13,0.0,0.0,2.0,0.0,0.4385888793113147
252,roads.cga,1,8.0,8.0,72.0,1.7543555172452587,15.789199655207328
253,roads.cga,16,3.75,3.75,16.0,0.822354148708715,3.5087110344905175
254,roads.cga,0,,,,,
255,Landscape_Design_Greenspace/Greenspace Construction.cga,1,0.0,0.0,2.0,0.0,0.4385888793113147
256,roads.cga,3,0.0,0.0,2.0,0.0,0.4385888793113147
257,roads.cga,15,-7.0,7.0,42.0,1.5350610775896014,9.210366465537609
258,piers.cga,17,0.0,1.0,17.0,0.21929443965565734,3.728005474146175
259,roads.cga,15,0.0,0.0,2.0,0.0,0.4385888793113147
260,roads.cga,16,0.0,0.0,2.0,0.0,0.4385888793113147
261,piers.cga,16,0.0,1.0,17.0,0.21929443965565734,3.728005474146175
262,roads.cga,21,0.0,0.0,2.0,0.0,0.4385888793113147
263,piers.cga,9,0.0,1.0,4.0,0.21929443965565734,0.8771777586226294
264,roads.cga,27,7.0,7.0,53.0,1.5350610775896014,11.62260530174984
265,piers.cga,12,-16.0,16.0,44.0,3.5087110344905175,9.648955344848924
266,roads.cga,5,0.0,0.0,2.0,0.0,0.4385888793113147
267,roads.cga,0,,,,,
268,roads.cga,22,-4.0,4.0,15.0,0.8771777586226294,3.28941659483486
269,roads.cga,15,0.0,3.5,39.0,0.7675305387948007,8.552483146570637
270,roads.cga,19,0.0,9.0,44.0,1.973649956900916,9.648955344848924
271,roads.cga,0,,,,,
272,roads.cga,10,9.0,9.0,38.0,1.973649956900916,8.33318870691498
273,roads.cga,0,,,,,
274,roads.cga,2,0.0,0.0,2.0,0.0,0.4385888793113147
275,roads.cga,25,5.5,5.5,30.0,1.2061194181061154,6.57883318966972
276,piers.cga,25,0.0,0.0,4.0,0.0,0.8771777586226294
277,Pavement.cga,0,,,,,
278,Pavement.cga,0,,,,,
279,roads.cga,1,-1.0,1.0,38.0,0.21929443965565734,8.33318870691498
280,roads.cga,10,0.0,0.0,2.0,0.0,0.4385888793113147
281,roads.cga,0,,,,,
282,roads.cga,15,-3.0,3.0,10.0,0.657883318966972,2.1929443965565736
283,roads.cga,0,,,,,
284,roads.cga,11,0.0,0.0,7.0,0.0,1.5350610775896014
285,roads.cga,15,0.5,9.0,35.0,1.973649956900916,7.675305387948007
286,roads.cga,19,0.0,0.0,2.0,0.0,0.4385888793113147
287,roads.cga,0,,,,,
288,Landscape_Design_Greenspace/Greenspace Construction.cga,10,-15.0,15.0,44.0,3.28941659483486,9.648955344848924
289,roads.cga,0,,,,,
290,roads.cga,12,0.0,4.75,27.0,1.0416485883643725,5.920949870702748
291,roads.cga,14,1.5,1.5,23.0,0.328941659483486,5.043772112080119
292,roads.cga,24,0.0,2.0,23.5,0.4385888793113147,5.153419331907948
293,roads.cga,4,-9.25,9.25,21.5,2.0284735668148306,4.714830452596633
294,roads.cga,25,11.0,11.0,42.0,2.412238836212231,9.210366465537609
295,roads.cga,13,15.0,15.0,42.0,3.28941659483486,9.210366465537609
296,piers.cga,11,0.0,1.0,7.0,0.21929443965565734,1.5350610775896014
297,roads.cga,0,,,,,
298,roads.cga,22,0.0,0.0,2.0,0.0,0.4385888793113147
299,roads.cga,13,7.5,7.5,51.0,1.64470829741743,11.184016422438525
300,roads.cga,0,,,,,
301,roads.cga,20,6.0,6.0,55.0,1.315766637933944,12.061194181061154
302,piers.cga,8,0.0,0.0,2.0,0.0,0.4385888793113147
303,roads.cga,0,,,,,
304,roads.cga,0,,,,,
305,roads.cga,0,,,,,
306,roads.cga,23,6.5,6.5,27.0,1.4254138577617728,5.920949870702748
307,roads.cga,0,,,,,
308,roads.cga,0,,,,,
309,roads.cga,17,0.0,1.0,12.0,0.21929443965565734,2.631533275867888
310,piers.cga,12,0.0,10.5,27.0,2.3025916163844022,5.920949870702748
311,roads.cga,0,,,,,
312,piers.cga,21,7.5,8.5,33.0,1.8640027370730874,7.236716508636692
313,piers.cga,4,0.0,0.0,2.0,0.0,0.4385888793113147
314,roads.cga,20,-11.5,11.5,55.0,2.5218860560400596,12.061194181061154
315,roads.cga,7,0.0,0.0,2.0,0.0,0.4385888793113147
316,roads.cga,13,-1.0,1.0,50.0,0.21929443965565734,10.964721982782867
317,roads.cga,0,,,,,
318,roads.cga,0,,,,,
319,roads.cga,12,-3.5,3.5,64.5,0.7675305387948007,14.1444913577899
320,roads.cga,12,-17.0,17.0,41.0,3.728005474146175,8.991072025881952
321,roads.cga,21,9.5,9.5,33.0,2.083297176728745,7.236716508636692
322,roads.cga,0,,,,,
323,roads.cga,0,,,,,
324,roads.cga,0,,,,,
325,roads.cga,0,,,,,
326,roads.cga,30,-6.5,8.0,24.5,1.7543555172452587,5.372713771563605
327,roads.cga,0,,,,,
328,piers.cga,6,0.0,0.0,2.0,0.0,0.4385888793113147
329,roads.cga,0,,,,,
330,roads.cga,1,0.0,0.0,2.0,0.0,0.4385888793113147
331,piers.cga,3,0.0,0.0,2.0,0.0,0.4385888793113147
332,roads.cga,0,,,,,
333,roads.cga,0,,,,,
334,roads.cga,14,0.0,0.25,3.5,0.054823609913914335,0.7675305387948007
335,roads.cga,17,0.0,0.0,2.0,0.0,0.4385888793113147
336,roads.cga,5,0.0,0.0,2.0,0.0,0.4385888793113147
337,roads.cga,9,-0.5,0.5,65.0,0.10964721982782867,14.254138577617729
338,roads.cga,0,,,,,
339,roads.cga,12,9.25,9.25,50.0,2.0284735668148306,10.964721982782867
340,roads.cga,9,5.5,5.5,46.0,1.2061194181061154,10.087544224160238
341,roads.cga,16,-13.0,13.0,34.0,2.8508277155235455,7.45601094829235
342,roads.cga,8,0.0,0.0,2.0,0.0,0.4385888793113147
343,roads.cga,6,0.0,0.0,2.0,0.0,0.4385888793113147
344,roads.cga,21,0.0,3.5,14.0,0.7675305387948007,3.070122155179203
345,piers.cga,31,0.0,0.0,2.0,0.0,0.4385888793113147
346,roads.cga,0,,,,,
347,piers.cga,18,0.0,0.0,2.0,0.0,0.4385888793113147
348,roads.cga,10,-15.25,15.25,41.0,3.3442402047487745,8.991072025881952
349,roads.cga,22,2.75,4.25,23.0,0.9320013685365437,5.043772112080119
350,roads.cga,12,6.5,6.5,24.0,1.4254138577617728,5.263066551735776
351,roads.cga,0,,,,,
352,roads.cga,11,0.0,1.0,12.0,0.21929443965565734,2.631533275867888
353,piers.cga,0,,,,,
354,roads.cga,0,,,,,
355,roads.cga,0,,,,,
356,roads.cga,0,,,,,
357,roads.cga,26,-7.75,7.75,17.5,1.6995319073313444,3.8376526939740034
358,piers.cga,28,0.0,0.75,4.5,0.164470829741743,0.986824978450458
359,roads.cga,19,0.0,0.0,2.0,0.0,0.4385888793113147
360,roads.cga,23,0.0,1.0,71.0,0.21929443965565734,15.569905215551673
361,piers.cga,6,9.75,9.75,21.5,2.1381207866426593,4.714830452596633
362,roads.cga,19,0.0,4.0,20.0,0.8771777586226294,4.385888793113147
363,roads.cga,8,0.0,1.0,16.5,0.21929443965565734,3.618358254318346
364,piers.cga,0,,,,,
365,piers.cga,0,,,,,
366,roads.cga,13,4.5,4.5,54.0,0.986824978450458,11.841899741405497
367,roads.cga,11,0.0,0.0,2.0,0.0,0.4385888793113147
368,roads.cga,14,0.0,0.0,2.0,0.0,0.4385888793113147
369,piers.cga,7,0.0,0.0,2.0,0.0,0.4385888793113147
370,roads.cga,0,,,,,
371,piers.cga,0,,,,,
372,roads.cga,15,0.0,0.0,2.0,0.0,0.4385888793113147
373,roads.cga,11,0.0,1.5,18.0,0.328941659483486,3.947299913801832
374,roads.cga,0,,,,,
375,piers.cga,0,,,,,
376,roads.cga,13,0.0,2.5,39.0,0.5482360991391434,8.552483146570637
377,roads.cga,23,0.0,0.5,7.0,0.10964721982782867,1.5350610775896014
378,roads.cga,20,-2.5,2.5,54.5,0.5482360991391434,11.951546961233324
379,roads.cga,8,-1.75,1.75,36.0,0.38376526939740035,7.894599827603664
380,roads.cga,0,,,,,
381,roads.cga,8,-0.75,0.75,3.5,0.164470829741743,0.7675305387948007
382,roads.cga,21,4.0,4.0,39.0,0.8771777586226294,8.552483146570637
383,roads.cga,0,,,,,
384,roads.cga,0,,,,,
385,piers.cga,0,,,,,
386,roads.cga,12,-4.0,4.0,13.0,0.8771777586226294,2.8508277155235455
387,roads.cga,12,-5.0,6.0,38.5,1.315766637933944,8.44283592674281
388,roads.cga,0,,,,,
389,piers.cga,12,-1.25,6.0,40.5,1.315766637933944,8.881424806054124
390,roads.cga,20,0.0,0.0,2.0,0.0,0.4385888793113147
391,piers.cga,20,0.0,0.0,2.0,0.0,0.4385888793113147
392,piers.cga,24,7.0,7.0,54.0,1.5350610775896014,11.841899741405497
393,roads.cga,18,-1.5,4.0,33.0,0.8771777586226294,7.236716508636692
394,roads.cga,7,0.0,0.0,2.0,0.0,0.4385888793113147
395,roads.cga,18,0.5,1.0,44.0,0.21929443965565734,9.648955344848924
396,roads.cga,0,,,,,
397,roads.cga,0,,,,,
398,roads.cga,0,,,,,
399,roads.cga,16,0.0,0.0,2.0,0.0,0.4385888793113147
400,roads.cga,10,0.0,0.0,2.0,0.0,0.4385888793113147
401,roads.cga,0,,,,,
402,roads.cga,0,,,,,
403,roads.cga,0,,,,,
404,roads.cga,0,,,,,
405,roads.cga,15,-5.0,5.0,18.0,1.0964721982782868,3.947299913801832
406,roads.cga,16,0.0,0.0,2.0,0.0,0.4385888793113147
407,roads.cga,18,19.5,19.5,48.0,4.2762415732853185,10.526133103471553
408,roads.cga,6,0.0,1.5,5.0,0.328941659483486,1.0964721982782868
409,roads.cga,14,12.75,12.75,40.0,2.796004105609631,8.771777586226294
410,roads.cga,0,,,,,
411,piers.cga,27,0.0,0.0,2.0,0.0,0.4385888793113147
412,roads.cga,13,0.0,0.0,2.0,0.0,0.4385888793113147
413,roads.cga,0,,,,,
414,roads.cga,27,0.0,5.0,35.0,1.0964721982782868,7.675305387948007
415,piers.cga,14,-4.75,4.75,11.5,1.0416485883643725,2.5218860560400596
416,roads.cga,6,7.25,7.25,37.0,1.5898846875035157,8.113894267259322
417,roads.cga,0,,,,,
418,roads.cga,0,,,,,
419,roads.cga,15,5.5,5.5,66.0,1.2061194181061154,14.473433017273384
420,piers.cga,0,,,,,
421,roads.cga,11,0.0,0.0,2.0,0.0,0.4385888793113147
422,roads.cga,0,,,,,
423,piers.cga,17,0.0,0.0,2.0,0.0,0.4385888793113147
424,roads.cga,0,,,,,
425,roads.cga,0,,,,,
426,roads.cga,25,0.5,1.5,45.0,0.328941659483486,9.868249784504581
427,roads.cga,0,,,,,
428,roads.cga,0,,,,,
429,roads.cga,0,,,,,
430,piers.cga,1,0.0,0.0,2.0,0.0,0.4385888793113147
431,roads.cga,16,0.0,1.0,6.0,0.21929443965565734,1.315766637933944
432,roads.cga,8,-13.25,13.25,59.0,2.90565132543746,12.938371939683783
433,roads.cga,0,,,,,
434,roads.cga,16,0.0,0.0,4.0,0.0,0.8771777586226294
435,roads.cga,10,-5.75,5.75,35.0,1.2609430280200298,7.675305387948007
436,roads.cga,0,,,,,
437,roads.cga,11,4.5,4.5,51.0,0.986824978450458,11.184016422438525
438,roads.cga,26,0.0,0.0,2.0,0.0,0.4385888793113147
439,roads.cga,3,0.0,0.0,2.0,0.0,0.4385888793113147
440,roads.cga,18,0.0,0.0,2.0,0.0,0.4385888793113147
441,roads.cga,0,,,,,
442,piers.cga,0,,,,,
443,roads.cga,0,,,,,
444,roads.cga,0,,,,,
445,piers.cga,0,,,,,
446,roads.cga,18,9.25,9.25,40.0,2.0284735668148306,8.771777586226294
447,roads.cga,15,0.0,0.0,2.0,0.0,0.4385888793113147
448,roads.cga,5,0.0,2.0,35.0,0.4385888793113147,7.675305387948007
449,roads.cga,12,16.0,16.0,39.0,3.5087110344905175,8.552483146570637
450,roads.cga,2,-1.5,1.5,37.0,0.328941659483486,8.113894267259322
451,roads.cga,6,1.75,3.75,53.0,0.822354148708715,11.62260530174984
452,roads.cga,12,-0.25,8.0,52.5,1.7543555172452587,11.51295808192201
453,roads.cga,0,,,,,
454,roads.cga,2,-5.0,5.0,21.0,1.0964721982782868,4.6051832327688045
455,roads.cga,0,,,,,
456,roads.cga,0,,,,,
457,roads.cga,12,-0.5,1.0,7.5,0.21929443965565734,1.64470829741743
458,roads.cga,16,0.0,0.0,2.0,0.0,0.4385888793113147
459,roads.cga,19,-4.0,4.0,24.0,0.8771777586226294,5.263066551735776
460,roads.cga,0,,,,,
461,roads.cga,22,1.75,1.75,40.0,0.38376526939740035,8.771777586226294
462,roads.cga,4,0.0,0.0,2.0,0.0,0.4385888793113147
463,roads.cga,28,0.0,0.0,2.0,0.0,0.4385888793113147
464,roads.cga,12,0.0,0.0,2.0,0.0,0.4385888793113147
465,roads.cga,23,5.5,5.5,28.0,1.2061194181061154,6.140244310358406
466,roads.cga,2,-6.25,6.25,22.5,1.3705902478478584,4.9341248922522905
467,roads.cga,17,6.5,6.5,62.0,1.4254138577617728,13.596255258650755
468,piers.cga,10,0.0,0.0,2.0,0.0,0.4385888793113147
469,roads.cga,11,9.0,9.0,20.0,1.973649956900916,4.385888793113147
470,roads.cga,0,,,,,
471,roads.cga,0,,,,,
472,roads.cga,0,,,,,
473,roads.cga,0,,,,,
474,roads.cga,14,6.0,6.0,42.0,1.315766637933944,9.210366465537609
475,roads.cga,0,,,,,
476,piers.cga,46,0.0,1.0,7.0,0.21929443965565734,1.5350610775896014
477,roads.cga,13,0.0,0.0,42.0,0.0,9.210366465537609
478,Landscape_Design_Greenspace/Greenspace Construction.cga,0,,,,,
479,roads.cga,15,0.0,0.0,2.0,0.0,0.4385888793113147
480,roads.cga,0,,,,,
481,roads.cga,19,-12.0,12.0,42.0,2.631533275867888,9.210366465537609
482,roads.cga,0,,,,,
483,piers.cga,0,,,,,
484,roads.cga,0,,,,,
485,roads.cga,0,,,,,
486,piers.cga,15,1.5,4.0,12.0,0.8771777586226294,2.631533275867888
487,piers.cga,5,0.0,0.0,2.0,0.0,0.4385888793113147
488,piers.cga,23,0.0,2.0,7.0,0.4385888793113147,1.5350610775896014
489,roads.cga,0,,,,,
490,roads.cga,0,,,,,
491,roads.cga,0,,,,,
492,roads.cga,16,0.0,4.5,24.0,0.986824978450458,5.263066551735776
493,roads.cga,15,0.0,1.0,5.0,0.21929443965565734,1.0964721982782868
494,piers.cga,19,0.0,0.0,2.0,0.0,0.4385888793113147
495,roads.cga,0,,,,,
496,roads.cga,1,0.0,0.0,2.0,0.0,0.4385888793113147
497,roads.cga,0,,,,,
498,roads.cga,0,,,,,
499,roads.cga,13,-8.0,8.0,56.0,1.7543555172452587,12.280488620716811
500,roads.cga,0,,,,,
501,roads.cga,0,,,,,
502,roads.cga,2,-2.75,2.75,82.5,0.6030597090530577,18.09179127159173
503,piers.cga,15,-1.0,3.0,22.0,0.657883318966972,4.824477672424462
504,piers.cga,30,-0.5,1.25,8.5,0.2741180495695717,1.8640027370730874
505,piers.cga,0,,,,,
506,roads.cga,23,-14.0,14.0,52.0,3.070122155179203,11.403310862094182
507,roads.cga,0,,,,,
508,roads.cga,0,,,,,
509,roads.cga,5,-9.0,9.0,26.0,1.973649956900916,5.701655431047091
510,piers.cga,19,0.0,5.0,43.0,1.0964721982782868,9.429660905193266
511,roads.cga,2,0.0,0.0,2.0,0.0,0.4385888793113147
512,roads.cga,0,,,,,
513,roads.cga,0,,,,,
514,roads.cga,18,0.0,0.0,2.0,0.0,0.4385888793113147
515,roads.cga,0,,,,,
516,roads.cga,0,,,,,
517,roads.cga,0,,,,,
518,roads.cga,0,,,,,
519,Landscape_Design_Greenspace/Greenspace Construction.cga,0,,,,,
520,piers.cga,10,2.25,2.75,24.5,0.6030597090530577,5.372713771563605
521,roads.cga,15,-8.0,8.0,43.0,1.7543555172452587,9.429660905193266
522,roads.cga,20,0.0,2.75,24.5,0.6030597090530577,5.372713771563605
523,roads.cga,0,,,,,
524,roads.cga,16,6.5,6.5,23.0,1.4254138577617728,5.043772112080119
525,roads.cga,24,-4.5,4.5,43.0,0.986824978450458,9.429660905193266
526,roads.cga,0,,,,,
527,roads.cga,14,14.5,14.5,34.5,3.1797693750070315,7.565658168120179
528,roads.cga,13,1.0,1.0,6.0,0.21929443965565734,1.315766637933944
529,roads.cga,0,,,,,
530,roads.cga,2,0.75,0.75,15.5,0.164470829741743,3.399063814662689
531,roads.cga,0,,,,,
532,piers.cga,19,0.0,0.0,2.0,0.0,0.4385888793113147
533,roads.cga,12,-4.25,4.75,47.0,1.0416485883643725,10.306838663815896
534,roads.cga,31,0.0,3.5,17.0,0.7675305387948007,3.728005474146175
535,roads.cga,12,11.0,11.0,53.5,2.412238836212231,11.732252521577667
536,roads.cga,8,0.0,0.25,5.5,0.054823609913914335,1.2061194181061154
537,roads.cga,16,0.25,5.75,22.0,1.2609430280200298,4.824477672424462
538,piers.cga,39,0.0,1.5,8.0,0.328941659483486,1.7543555172452587
539,roads.cga,0,,,,,
540,piers.cga,23,1.5,2.0,8.0,0.4385888793113147,1.7543555172452587
541,roads.cga,0,,,,,
542,roads.cga,19,-1.0,1.0,48.0,0.21929443965565734,10.526133103471553
543,roads.cga,2,0.0,0.0,2.0,0.0,0.4385888793113147
544,roads.cga,19,3.5,3.5,51.0,0.7675305387948007,11.184016422438525
545,roads.cga,18,0.0,4.5,31.5,0.986824978450458,6.907774849153206
546,roads.cga,1,-12.5,12.5,51.0,2.741180495695717,11.184016422438525
547,roads.cga,6,0.0,0.0,2.0,0.0,0.4385888793113147
548,roads.cga,0,,,,,
549,roads.cga,20,3.0,4.25,17.0,0.9320013685365437,3.728005474146175
550,piers.cga,9,0.0,0.0,3.0,0.0,0.657883318966972
551,roads.cga,17,-10.0,10.0,54.0,2.1929443965565736,11.841899741405497
552,roads.cga,0,,,,,
553,roads.cga,28,0.0,4.0,30.0,0.8771777586226294,6.57883318966972
554,roads.cga,0,,,,,
555,roads.cga,0,,,,,
556,roads.cga,0,,,,,
557,roads.cga,0,,,,,
558,roads.cga,12,-5.5,5.5,36.0,1.2061194181061154,7.894599827603664
559,roads.cga,16,-10.75,10.75,42.0,2.3574152262983166,9.210366465537609
560,roads.cga,0,,,,,
561,roads.cga,17,0.0,0.0,2.0,0.0,0.4385888793113147
562,roads.cga,0,,,,,
563,roads.cga,9,0.0,0.5,5.0,0.10964721982782867,1.0964721982782868
564,roads.cga,16,-4.5,4.5,61.0,0.986824978450458,13.376960818995098
565,roads.cga,12,0.0,0.0,2.0,0.0,0.4385888793113147
566,roads.cga,23,-1.0,1.0,61.0,0.21929443965565734,13.376960818995098
567,roads.cga,0,,,,,
568,roads.cga,14,13.5,13.5,54.5,2.960474935351374,11.951546961233324
569,roads.cga,25,0.0,5.0,26.0,1.0964721982782868,5.701655431047091
570,piers.cga,0,,,,,
571,roads.cga,13,0.0,0.0,2.0,0.0,0.4385888793113147
572,roads.cga,10,0.0,0.0,2.0,0.0,0.4385888793113147
573,roads.cga,18,-1.75,2.75,30.5,0.6030597090530577,6.688480409497549
574,piers.cga,5,0.0,0.0,2.0,0.0,0.4385888793113147
575,Landscape_Design_Greenspace/Greenspace Construction.cga,11,0.0,0.0,2.0,0.0,0.4385888793113147
576,roads.cga,5,0.0,0.0,2.0,0.0,0.4385888793113147
577,roads.cga,0,,,,,
578,Wharf_Modules.cga,0,,,,,
579,piers.cga,5,3.0,3.0,39.0,0.657883318966972,8.552483146570637
580,roads.cga,22,0.0,0.0,2.0,0.0,0.4385888793113147
581,roads.cga,0,,,,,
582,roads.cga,20,-8.75,8.75,48.0,1.9188263469870017,10.526133103471553
583,roads.cga,0,,,,,
584,roads.cga,21,-2.5,3.0,42.0,0.657883318966972,9.210366465537609
585,roads.cga,17,0.0,0.0,2.0,0.0,0.4385888793113147
586,piers.cga,0,,,,,
587,roads.cga,26,21.0,21.0,44.0,4.6051832327688045,9.648955344848924
588,roads.cga,9,0.0,0.0,14.0,0.0,3.070122155179203
589,roads.cga,0,,,,,
590,roads.cga,11,0.0,0.0,2.0,0.0,0.4385888793113147
591,roads.cga,18,0.0,0.0,2.0,0.0,0.4385888793113147
592,roads.cga,5,0.0,0.0,2.0,0.0,0.4385888793113147
593,piers.cga,0,,,,,
594,roads.cga,0,,,,,
595,roads.cga,28,-2.0,3.0,40.0,0.657883318966972,8.771777586226294
596,piers.cga,0,,,,,
597,Landscape_Design_Greenspace/Greenspace Construction.cga,4,3.75,3.75,9.5,0.822354148708715,2.083297176728745
598,roads.cga,18,-12.0,12.0,27.0,2.631533275867888,5.920949870702748
599,roads.cga,0,,,,,
600,roads.cga,0,,,,,
601,piers.cga,9,0.0,0.0,2.0,0.0,0.4385888793113147
602,Landscape_Design_Greenspace/Greenspace Construction.cga,0,,,,,
603,roads.cga,7,0.0,0.0,2.0,0.0,0.4385888793113147
604,roads.cga,0,,,,,
605,piers.cga,0,,,,,
606,roads.cga,15,0.0,0.5,3.0,0.10964721982782867,0.657883318966972
607,roads.cga,0,,,,,
608,roads.cga,0,,,,,
609,roads.cga,12,-17.0,17.0,44.0,3.728005474146175,9.648955344848924
610,roads.cga,0,,,,,
611,piers.cga,13,0.0,0.0,2.0,0.0,0.4385888793113147
612,roads.cga,5,0.0,3.0,31.0,0.657883318966972,6.798127629325378
613,roads.cga,0,,,,,
614,roads.cga,21,9.5,9.5,53.0,2.083297176728745,11.62260530174984
615,roads.cga,0,,,,,
616,roads.cga,0,,,,,
617,roads.cga,0,,,,,
618,roads.cga,0,,,,,
619,roads.cga,0,,,,,
620,piers.cga,0,,,,,
621,roads.cga,28,-7.75,7.75,49.0,1.6995319073313444,10.74542754312721
622,roads.cga,3,0.0,0.0,2.0,0.0,0.4385888793113147
623,roads.cga,9,-10.5,10.5,28.0,2.3025916163844022,6.140244310358406
624,piers.cga,0,,,,,
625,roads.cga,0,,,,,
626,roads.cga,0,,,,,
627,roads.cga,10,0.0,1.5,5.0,0.328941659483486,1.0964721982782868
628,roads.cga,0,,,,,
629,roads.cga,6,16.0,16.0,47.5,3.5087110344905175,10.416485883643725
630,roads.cga,0,,,,,
631,roads.cga,0,,,,,
632,roads.cga,17,-1.5,1.5,34.0,0.328941659483486,7.45601094829235
633,roads.cga,0,,,,,
634,piers.cga,27,0.0,2.0,11.0,0.4385888793113147,2.412238836212231
635,roads.cga,0,,,,,
636,piers.cga,15,-14.0,14.0,46.0,3.070122155179203,10.087544224160238
637,roads.cga,15,15.0,15.0,37.0,3.28941659483486,8.113894267259322
638,roads.cga,0,,,,,
639,roads.cga,0,,,,,
640,roads.cga,13,0.0,0.0,2.0,0.0,0.4385888793113147
641,roads.cga,0,,,,,
642,piers.cga,6,0.0,2.25,9.5,0.493412489225229,2.083297176728745
643,roads.cga,0,,,,,
644,roads.cga,6,0.0,0.0,2.0,0.0,0.4385888793113147
645,roads.cga,0,,,,,
646,roads.cga,0,,,,,
647,roads.cga,14,0.0,0.0,2.0,0.0,0.4385888793113147
648,roads.cga,0,,,,,
649,piers.cga,19,-1.5,3.0,25.0,0.657883318966972,5.482360991391434
650,roads.cga,0,,,,,
651,roads.cga,0,,,,,
652,roads.cga,12,0.0,0.0,2.0,0.0,0.4385888793113147
653,roads.cga,0,,,,,
654,piers.cga,21,0.0,0.0,2.0,0.0,0.4385888793113147
655,roads.cga,9,0.5,0.5,39.0,0.10964721982782867,8.552483146570637
656,roads.cga,0,,,,,
657,piers.cga,13,-8.5,8.5,29.0,1.8640027370730874,6.359538750014063
658,piers.cga,0,,,,,
659,roads.cga,13,-1.0,1.5,69.0,0.328941659483486,15.131316336240358
660,roads.cga,0,,,,,
661,roads.cga,8,7.5,7.5,38.0,1.64470829741743,8.33318870691498
662,roads.cga,0,,,,,
663,roads.cga,10,0.0,0.0,2.0,0.0,0.4385888793113147
664,roads.cga,11,-1.0,1.0,40.0,0.21929443965565734,8.771777586226294
665,roads.cga,11,-9.0,9.0,50.0,1.973649956900916,10.964721982782867
666,piers.cga,21,1.5,2.5,7.0,0.5482360991391434,1.5350610775896014
667,roads.cga,6,-2.0,2.0,59.0,0.4385888793113147,12.938371939683783
668,roads.cga,28,4.25,4.25,38.0,0.9320013685365437,8.33318870691498
669,piers.cga,1,15.0,15.0,34.0,3.28941659483486,7.45601094829235
670,roads.cga,9,0.0,0.0,10.0,0.0,2.1929443965565736
671,piers.cga,20,-9.0,9.0,20.5,1.973649956900916,4.495536012940976
672,piers.cga,16,0.0,1.5,7.0,0.328941659483486,1.5350610775896014
673,roads.cga,7,-12.0,12.0,36.0,2.631533275867888,7.894599827603664
674,roads.cga,0,,,,,
675,piers.cga,11,0.0,5.0,16.0,1.0964721982782868,3.5087110344905175
676,roads.cga,0,,,,,
677,piers.cga,0,,,,,
678,piers.cga,14,0.0,1.0,7.0,0.21929443965565734,1.5350610775896014
679,roads.cga,0,,,,,
680,roads.cga,12,-0.5,3.25,19.0,0.7127069288808864,4.16659435345749
681,roads.cga,18,8.5,8.5,46.0,1.8640027370730874,10.087544224160238
682,piers.cga,0,,,,,
683,piers.cga,6,-11.25,11.25,36.5,2.4670624461261452,8.004247047431495
684,roads.cga,14,-5.75,13.25,37.5,2.90565132543746,8.223541487087152
685,roads.cga,0,,,,,
686,roads.cga,25,0.0,0.0,2.0,0.0,0.4385888793113147
687,roads.cga,0,,,,,
688,roads.cga,0,,,,,
689,roads.cga,11,0.0,0.0,2.0,0.0,0.4385888793113147
690,roads.cga,0,,,,,
691,roads.cga,1,2.5,2.5,33.0,0.5482360991391434,7.236716508636692
692,roads.cga,0,,,,,
693,roads.cga,0,,,,,
694,roads.cga,27,1.5,2.5,49.0,0.5482360991391434,10.74542754312721
695,Landscape_Design_Greenspace/Greenspace Construction.cga,0,,,,,
696,roads.cga,0,,,,,
697,roads.cga,10,0.75,2.5,33.5,0.5482360991391434,7.346363728464522
698,roads.cga,9,16.0,16.0,40.0,3.5087110344905175,8.771777586226294
699,piers.cga,12,0.0,0.0,2.0,0.0,0.4385888793113147
700,piers.cga,12,12.0,12.0,45.5,2.631533275867888,9.97789700433241
701,roads.cga,16,0.0,0.25,21.0,0.054823609913914335,4.6051832327688045
702,roads.cga,35,0.0,1.5,10.0,0.328941659483486,2.1929443965565736
703,roads.cga,11,0.0,2.5,21.0,0.5482360991391434,4.6051832327688045
704,roads.cga,0,,,,,
705,piers.cga,3,0.0,0.0,2.0,0.0,0.4385888793113147
706,roads.cga,11,0.0,2.5,49.0,0.5482360991391434,10.74542754312721
707,roads.cga,16,7.5,7.5,40.5,1.64470829741743,8.881424806054124
708,roads.cga,0,,,,,
709,roads.cga,3,0.0,0.0,2.0,0.0,0.4385888793113147
710,roads.cga,13,-17.0,17.0,36.0,3.728005474146175,7.894599827603664
711,roads.cga,0,,,,,
712,roads.cga,17,0.0,8.5,44.0,1.8640027370730874,9.648955344848924
713,roads.cga,13,-4.5,4.5,48.0,0.986824978450458,10.526133103471553
714,roads.cga,19,-12.0,12.0,64.0,2.631533275867888,14.03484413796207
715,roads.cga,20,0.0,0.0,2.0,0.0,0.4385888793113147
716,roads.cga,18,0.0,2.5,25.0,0.5482360991391434,5.482360991391434
717,roads.cga,16,-5.5,5.5,43.0,1.2061194181061154,9.429660905193266
718,piers.cga,15,-3.0,3.0,8.0,0.657883318966972,1.7543555172452587
719,roads.cga,8,0.0,0.0,2.0,0.0,0.4385888793113147
720,roads.cga,0,,,,,
721,piers.cga,9,7.0,7.0,22.0,1.5350610775896014,4.824477672424462
722,roads.cga,11,0.0,0.0,2.0,0.0,0.4385888793113147
723,roads.cga,11,2.5,2.5,49.0,0.5482360991391434,10.74542754312721
724,roads.cga,0,,,,,
725,roads.cga,11,7.5,7.5,37.0,1.64470829741743,8.113894267259322
726,roads.cga,0,,,,,
727,piers.cga,22,0.0,2.5,30.5,0.5482360991391434,6.688480409497549
728,roads.cga,0,,,,,
729,piers.cga,0,,,,,
730,roads.cga,16,0.0,0.0,2.0,0.0,0.4385888793113147
731,piers.cga,22,0.0,1.0,7.5,0.21929443965565734,1.64470829741743
732,roads.cga,0,,,,,
733,roads.cga,0,,,,,
734,roads.cga,12,-18.5,18.5,48.0,4.056947133629661,10.526133103471553
735,roads.cga,15,-8.5,8.5,21.0,1.8640027370730874,4.6051832327688045
736,roads.cga,13,0.0,0.0,2.0,0.0,0.4385888793113147
737,roads.cga,15,0.0,0.0,2.0,0.0,0.4385888793113147
738,roads.cga,0,,,,,
739,roads.cga,0,,,,,
740,roads.cga,9,17.5,17.5,37.0,3.8376526939740034,8.113894267259322
741,roads.cga,23,18.0,18.0,42.0,3.947299913801832,9.210366465537609
742,roads.cga,19,-13.5,13.5,39.0,2.960474935351374,8.552483146570637
743,roads.cga,0,,,,,
744,roads.cga,18,-6.5,6.5,46.0,1.4254138577617728,10.087544224160238
745,roads.cga,20,0.0,5.0,27.5,1.0964721982782868,6.030597090530577
746,roads.cga,14,-0.5,3.25,28.0,0.7127069288808864,6.140244310358406
747,piers.cga,0,,,,,
748,roads.cga,17,3.0,3.5,14.0,0.7675305387948007,3.070122155179203
749,roads.cga,18,0.0,0.0,2.0,0.0,0.4385888793113147
750,roads.cga,0,,,,,
751,piers.cga,4,4.5,4.5,22.5,0.986824978450458,4.9341248922522905
752,roads.cga,30,7.0,7.0,39.0,1.5350610775896014,8.552483146570637
753,roads.cga,9,0.0,0.0,2.0,0.0,0.4385888793113147
754,roads.cga,17,0.0,0.0,2.0,0.0,0.4385888793113147
755,roads.cga,0,,,,,
756,roads.cga,0,,,,,
757,roads.cga,0,,,,,
758,roads.cga,13,0.0,0.0,2.0,0.0,0.4385888793113147
759,roads.cga,0,,,,,
760,roads.cga,25,0.5,0.5,36.0,0.10964721982782867,7.894599827603664
761,piers.cga,22,0.0,1.0,6.5,0.21929443965565734,1.4254138577617728
762,roads.cga,20,0.0,8.75,44.0,1.9188263469870017,9.648955344848924
763,roads.cga,21,-3.5,3.5,21.0,0.7675305387948007,4.6051832327688045
764,roads.cga,0,,,,,
765,roads.cga,57,-0.5,1.5,6.0,0.328941659483486,1.315766637933944
766,roads.cga,14,0.0,0.0,2.0,0.0,0.4385888793113147
767,roads.cga,0,,,,,
768,roads.cga,21,0.0,0.0,64.0,0.0,14.03484413796207
769,roads.cga,13,-8.5,8.5,43.0,1.8640027370730874,9.429660905193266
770,roads.cga,7,-13.0,13.0,61.0,2.8508277155235455,13.376960818995098
771,piers.cga,0,,,,,
772,piers.cga,8,0.0,0.0,2.0,0.0,0.4385888793113147
773,roads.cga,7,18.5,18.5,48.0,4.056947133629661,10.526133103471553
774,roads.cga,0,,,,,
775,piers.cga,0,,,,,
776,roads.cga,9,-12.0,12.0,35.0,2.631533275867888,7.675305387948007
777,roads.cga,0,,,,,
778,roads.cga,0,,,,,
779,piers.cga,10,0.0,0.0,2.0,0.0,0.4385888793113147
780,roads.cga,21,-2.5,3.5,18.0,0.7675305387948007,3.947299913801832
781,roads.cga,22,0.0,0.0,2.0,0.0,0.4385888793113147
782,piers.cga,11,0.0,0.0,2.0,0.0,0.4385888793113147
783,roads.cga,0,,,,,
784,roads.cga,0,,,,,
785,roads.cga,20,-10.0,10.0,48.5,2.1929443965565736,10.63578032329938
786,roads.cga,15,-9.0,9.0,60.0,1.973649956900916,13.15766637933944
787,roads.cga,0,,,,,
788,roads.cga,18,-0.75,1.75,21.5,0.38376526939740035,4.714830452596633
789,piers.cga,14,2.0,2.5,14.0,0.5482360991391434,3.070122155179203
790,piers.cga,8,0.0,0.5,13.0,0.10964721982782867,2.8508277155235455
791,roads.cga,0,,,,,
792,roads.cga,0,,,,,
793,roads.cga,19,4.5,4.5,47.0,0.986824978450458,10.306838663815896
794,roads.cga,5,0.0,0.0,2.0,0.0,0.4385888793113147
795,roads.cga,13,-4.5,4.5,14.0,0.986824978450458,3.070122155179203
796,roads.cga,16,-2.75,2.75,42.0,0.6030597090530577,9.210366465537609
797,roads.cga,0,,,,,
798,roads.cga,18,0.0,1.25,10.5,0.2741180495695717,2.3025916163844022
799,roads.cga,11,-3.0,3.0,78.0,0.657883318966972,17.104966293141274
800,roads.cga,9,0.0,6.0,29.0,1.315766637933944,6.359538750014063
801,roads.cga,10,0.5,0.5,20.0,0.10964721982782867,4.385888793113147
802,roads.cga,3,-7.5,7.5,43.0,1.64470829741743,9.429660905193266
803,piers.cga,22,0.25,2.5,8.0,0.5482360991391434,1.7543555172452587
804,roads.cga,7,0.0,12.5,44.0,2.741180495695717,9.648955344848924
805,roads.cga,15,2.0,2.0,7.0,0.4385888793113147,1.5350610775896014
806,roads.cga,0,,,,,
807,roads.cga,0,,,,,
808,piers.cga,13,-2.5,2.5,27.0,0.5482360991391434,5.920949870702748
809,roads.cga,7,0.0,0.0,2.0,0.0,0.4385888793113147
810,roads.cga,16,0.0,1.0,11.5,0.21929443965565734,2.5218860560400596
811,roads.cga,24,-2.0,2.0,10.5,0.4385888793113147,2.3025916163844022
812,piers.cga,13,0.0,0.0,2.0,0.0,0.4385888793113147
813,piers.cga,10,0.0,3.0,11.5,0.657883318966972,2.5218860560400596
814,roads.cga,14,-0.25,2.0,56.0,0.4385888793113147,12.280488620716811
815,roads.cga,0,,,,,
816,piers.cga,0,,,,,
817,roads.cga,10,0.0,1.25,8.5,0.2741180495695717,1.8640027370730874
818,roads.cga,11,-19.0,19.0,40.0,4.16659435345749,8.771777586226294
819,piers.cga,13,-8.0,8.0,43.0,1.7543555172452587,9.429660905193266
820,roads.cga,15,0.0,4.0,32.0,0.8771777586226294,7.017422068981035
821,roads.cga,13,2.5,2.5,57.0,0.5482360991391434,12.499783060372469
822,roads.cga,15,-4.0,4.0,44.0,0.8771777586226294,9.648955344848924
823,piers.cga,8,0.0,0.0,2.0,0.0,0.4385888793113147
824,roads.cga,13,-7.5,7.5,20.0,1.64470829741743,4.385888793113147
825,piers.cga,0,,,,,
826,roads.cga,21,0.0,0.0,2.0,0.0,0.4385888793113147
827,piers.cga,0,,,,,
828,roads.cga,0,,,,,
829,roads.cga,13,0.0,0.0,2.0,0.0,0.4385888793113147
830,roads.cga,14,0.0,0.0,2.0,0.0,0.4385888793113147
831,Landscape_Design_Greenspace/Greenspace Construction.cga,0,,,,,
832,roads.cga,6,-5.25,5.25,60.5,1.1512958081922011,13.26731359916727
833,roads.cga,17,5.5,5.5,67.0,1.2061194181061154,14.692727456929044
834,roads.cga,0,,,,,
835,piers.cga,2,0.0,0.0,2.0,0.0,0.4385888793113147
836,roads.cga,19,-3.5,3.5,35.0,0.7675305387948007,7.675305387948007
837,roads.cga,10,-6.0,6.0,41.0,1.315766637933944,8.991072025881952
838,roads.cga,10,0.0,0.0,2.0,0.0,0.4385888793113147
839,roads.cga,15,0.5,3.0,24.0,0.657883318966972,5.263066551735776
840,piers.cga,3,0.0,0.0,2.0,0.0,0.4385888793113147
841,roads.cga,15,1.5,3.0,18.0,0.657883318966972,3.947299913801832
842,roads.cga,8,0.0,0.0,2.0,0.0,0.4385888793113147
843,roads.cga,0,,,,,
844,roads.cga,5,0.0,0.0,2.0,0.0,0.4385888793113147
845,roads.cga,17,8.0,8.0,24.0,1.7543555172452587,5.263066551735776
846,piers.cga,0,,,,,
847,roads.cga,0,,,,,
848,roads.cga,18,0.0,0.0,2.0,0.0,0.4385888793113147
849,roads.cga,27,7.0,7.0,36.0,1.5350610775896014,7.894599827603664
850,roads.cga,2,0.0,0.0,2.0,0.0,0.4385888793113147
851,roads.cga,22,10.5,10.5,52.5,2.3025916163844022,11.51295808192201
852,roads.cga,19,-9.0,9.0,40.0,1.973649956900916,8.771777586226294
853,roads.cga,18,10.0,10.0,38.0,2.1929443965565736,8.33318870691498
854,roads.cga,0,,,,,
855,roads.cga,0,,,,,
856,piers.cga,14,0.0,0.0,2.0,0.0,0.4385888793113147
857,roads.cga,0,,,,,
858,roads.cga,22,-0.25,1.0,4.5,0.21929443965565734,0.986824978450458
859,roads.cga,20,0.0,0.5,11.5,0.10964721982782867,2.5218860560400596
860,roads.cga,18,0.0,1.5,14.5,0.328941659483486,3.1797693750070315
861,roads.cga,0,,,,,
862,roads.cga,26,1.75,5.25,38.0,1.1512958081922011,8.33318870691498
863,roads.cga,14,2.25,2.5,32.0,0.5482360991391434,7.017422068981035
864,roads.cga,0,,,,,
865,roads.cga,13,10.5,10.5,46.0,2.3025916163844022,10.087544224160238
866,roads.cga,0,,,,,
867,roads.cga,0,,,,,
868,roads.cga,16,-9.0,9.0,43.0,1.973649956900916,9.429660905193266
869,piers.cga,3,0.0,5.0,30.0,1.0964721982782868,6.57883318966972
870,roads.cga,0,,,,,
871,roads.cga,9,0.0,0.0,2.0,0.0,0.4385888793113147
872,Landscape_Design_Greenspace/Greenspace Construction.cga,18,0.0,2.5,8.5,0.5482360991391434,1.8640027370730874
873,piers.cga,22,0.0,0.0,2.0,0.0,0.4385888793113147
874,roads.cga,0,,,,,
875,piers.cga,0,,,,,
876,piers.cga,0,,,,,
877,roads.cga,0,,,,,
878,roads.cga,9,0.0,0.0,2.0,0.0,0.4385888793113147
879,Landscape_Design_Greenspace/Greenspace Construction.cga,0,,,,,
880,roads.cga,14,0.0,2.5,22.5,0.5482360991391434,4.9341248922522905
881,roads.cga,0,,,,,
882,roads.cga,14,9.0,9.0,21.5,1.973649956900916,4.714830452596633
883,piers.cga,10,0.0,3.25,16.5,0.7127069288808864,3.618358254318346
884,roads.cga,18,0.0,0.0,2.0,0.0,0.4385888793113147
885,roads.cga,14,-4.25,4.25,28.5,0.9320013685365437,6.249891530186234
886,roads.cga,28,-5.0,5.25,56.0,1.1512958081922011,12.280488620716811
887,roads.cga,0,,,,,
888,roads.cga,0,,,,,
889,roads.cga,2,-15.0,15.0,58.0,3.28941659483486,12.719077500028126
890,roads.cga,20,0.0,1.75,10.5,0.38376526939740035,2.3025916163844022
891,roads.cga,12,1.5,1.5,23.0,0.328941659483486,5.043772112080119
892,piers.cga,12,0.0,0.25,2.5,0.054823609913914335,0.5482360991391434
893,roads.cga,0,,,,,
894,piers.cga,2,0.0,0.0,2.0,0.0,0.4385888793113147
895,roads.cga,12,1.0,6.25,29.5,1.3705902478478584,6.469185969841892
896,roads.cga,13,-8.5,8.5,23.0,1.8640027370730874,5.043772112080119
897,roads.cga,19,0.0,3.0,43.0,0.657883318966972,9.429660905193266
898,roads.cga,0,,,,,
899,roads.cga,0,,,,,
900,roads.cga,5,10.0,10.0,52.0,2.1929443965565736,11.403310862094182
901,roads.cga,0,,,,,
902,roads.cga,0,,,,,
903,roads.cga,8,12.75,12.75,47.5,2.796004105609631,10.416485883643725
904,roads.cga,0,,,,,
905,roads.cga,6,0.0,0.0,2.0,0.0,0.4385888793113147
906,piers.cga,10,0.0,1.25,5.5,0.2741180495695717,1.2061194181061154
907,roads.cga,9,-0.5,1.0,4.0,0.21929443965565734,0.8771777586226294
908,roads.cga,0,,,,,
909,piers.cga,7,0.0,0.0,22.0,0.0,4.824477672424462
910,piers.cga,2,0.0,0.0,2.0,0.0,0.4385888793113147
911,roads.cga,20,-12.0,12.0,57.0,2.631533275867888,12.499783060372469
912,roads.cga,20,-8.0,8.0,37.5,1.7543555172452587,8.223541487087152
913,roads.cga,23,15.5,15.5,53.0,3.399063814662689,11.62260530174984
914,piers.cga,11,0.0,3.0,14.0,0.657883318966972,3.070122155179203
915,roads.cga,0,,,,,
916,roads.cga,0,,,,,
917,piers.cga,0,,,,,
918,piers.cga,25,0.0,2.0,8.0,0.4385888793113147,1.7543555172452587
919,roads.cga,20,0.0,0.0,2.0,0.0,0.4385888793113147
920,roads.cga,15,0.0,1.0,7.0,0.21929443965565734,1.5350610775896014
921,piers.cga,0,,,,,
922,piers.cga,6,1.75,3.5,32.0,0.7675305387948007,7.017422068981035
923,roads.cga,2,10.0,10.0,67.0,2.1929443965565736,14.692727456929044
924,roads.cga,19,-6.0,6.0,26.0,1.315766637933944,5.701655431047091
925,roads.cga,10,6.5,6.5,47.0,1.4254138577617728,10.306838663815896
926,roads.cga,0,,,,,
927,roads.cga,0,,,,,
928,piers.cga,0,,,,,
929,roads.cga,17,-9.5,9.5,33.0,2.083297176728745,7.236716508636692
930,roads.cga,7,-12.0,12.0,32.0,2.631533275867888,7.017422068981035
931,roads.cga,0,,,,,
932,piers.cga,17,0.0,0.5,19.0,0.10964721982782867,4.16659435345749
933,piers.cga,0,,,,,
934,roads.cga,6,0.25,0.5,4.0,0.10964721982782867,0.8771777586226294
935,roads.cga,19,0.0,1.0,25.0,0.21929443965565734,5.482360991391434
936,roads.cga,18,-1.0,1.5,7.0,0.328941659483486,1.5350610775896014
937,roads.cga,14,0.0,0.0,2.0,0.0,0.4385888793113147
938,roads.cga,0,,,,,
939,roads.cga,0,,,,,
940,piers.cga,4,-14.0,14.0,39.0,3.070122155179203,8.552483146570637
941,roads.cga,5,0.0,0.0,2.0,0.0,0.4385888793113147
942,roads.cga,12,0.75,6.5,37.5,1.4254138577617728,8.223541487087152
943,roads.cga,0,,,,,
944,roads.cga,15,0.0,4.0,37.0,0.8771777586226294,8.113894267259322
945,roads.cga,4,0.0,0.0,2.0,0.0,0.4385888793113147
946,piers.cga,8,0.0,0.0,2.0,0.0,0.4385888793113147
947,roads.cga,12,2.25,2.25,46.0,0.493412489225229,10.087544224160238
948,roads.cga,12,0.75,0.75,3.5,0.164470829741743,0.7675305387948007
949,roads.cga,7,0.0,0.0,2.0,0.0,0.4385888793113147
950,roads.cga,22,1.5,2.0,58.5,0.4385888793113147,12.828724719855956
951,roads.cga,8,-11.25,11.25,31.0,2.4670624461261452,6.798127629325378
952,roads.cga,0,,,,,
953,roads.cga,14,0.0,0.0,2.0,0.0,0.4385888793113147
954,roads.cga,3,0.0,0.0,2.0,0.0,0.4385888793113147
955,roads.cga,18,12.0,12.0,54.0,2.631533275867888,11.841899741405497
956,roads.cga,9,-1.5,4.0,67.0,0.8771777586226294,14.692727456929044
957,roads.cga,7,0.0,0.0,43.0,0.0,9.429660905193266
958,roads.cga,0,,,,,
959,roads.cga,20,9.5,9.5,53.0,2.083297176728745,11.62260530174984
960,roads.cga,13,0.0,0.0,2.0,0.0,0.4385888793113147
961,piers.cga,14,0.0,0.0,2.0,0.0,0.4385888793113147
962,piers.cga,10,10.75,10.75,28.0,2.3574152262983166,6.140244310358406
963,piers.cga,0,,,,,
964,roads.cga,13,7.0,7.0,35.0,1.5350610775896014,7.675305387948007
965,roads.cga,21,0.0,3.5,23.0,0.7675305387948007,5.043772112080119
966,roads.cga,5,0.5,0.5,41.0,0.10964721982782867,8.991072025881952
967,piers.cga,0,,,,,
968,roads.cga,0,,,,,
969,roads.cga,23,0.0,5.5,32.0,1.2061194181061154,7.017422068981035
970,roads.cga,4,1.0,4.0,23.0,0.8771777586226294,5.043772112080119
971,roads.cga,16,16.5,16.5,37.0,3.618358254318346,8.113894267259322
972,piers.cga,7,3.0,3.0,8.0,0.657883318966972,1.7543555172452587
973,roads.cga,10,-15.5,15.5,37.0,3.399063814662689,8.113894267259322
974,roads.cga,0,,,,,
975,roads.cga,18,0.0,0.0,2.0,0.0,0.4385888793113147
976,roads.cga,9,-1.5,1.5,11.0,0.328941659483486,2.412238836212231
977,roads.cga,18,-14.5,14.5,48.0,3.1797693750070315,10.526133103471553
978,roads.cga,0,,,,,
979,piers.cga,0,,,,,
980,piers.cga,19,0.0,0.0,2.0,0.0,0.4385888793113147
981,roads.cga,26,1.0,1.75,19.0,0.38376526939740035,4.16659435345749
982,roads.cga,19,-6.5,6.5,52.0,1.4254138577617728,11.403310862094182
983,piers.cga,0,,,,,
984,roads.cga,8,0.0,0.0,2.0,0.0,0.4385888793113147
985,roads.cga,19,-6.0,6.0,43.0,1.315766637933944,9.429660905193266
986,roads.cga,4,13.5,13.5,43.5,2.960474935351374,9.539308125021096
987,roads.cga,14,0.0,3.0,12.0,0.657883318966972,2.631533275867888
988,roads.cga,0,,,,,
989,roads.cga,0,,,,,
990,roads.cga,7,1.0,1.5,40.0,0.328941659483486,8.771777586226294
991,roads.cga,20,-3.0,3.0,27.0,0.657883318966972,5.920949870702748
992,roads.cga,3,0.0,0.0,2.0,0.0,0.4385888793113147
993,roads.cga,0,,,,,
994,roads.cga,23,0.0,0.0,2.0,0.0,0.4385888793113147
995,roads.cga,12,-0.5,1.0,7.0,0.21929443965565734,1.5350610775896014
996,roads.cga,13,0.0,1.5,19.0,0.328941659483486,4.16659435345749
997,roads.cga,3,0.0,0.0,2.0,0.0,0.4385888793113147
998,Landscape_Design_Greenspace/Greenspace Construction.cga,34,0.0,0.0,2.0,0.0,0.4385888793113147
999,roads.cga,24,-1.5,2.0,65.0,0.4385888793113147,14.254138577617729
1000,roads.cga,13,0.0,9.0,44.0,1.973649956900916,9.648955344848924
1001,roads.cga,11,0.0,0.0,2.0,0.0,0.4385888793113147
1002,roads.cga,22,0.0,0.0,2.0,0.0,0.4385888793113147
1003,roads.cga,0,,,,,
1004,roads.cga,21,3.0,3.0,35.0,0.657883318966972,7.675305387948007
1005,roads.cga,5,0.0,0.0,2.0,0.0,0.4385888793113147
1006,roads.cga,16,0.75,4.25,68.5,0.9320013685365437,15.021669116412529
1007,roads.cga,15,-10.5,10.5,28.0,2.3025916163844022,6.140244310358406
1008,roads.cga,0,,,,,
1009,roads.cga,0,,,,,
1010,roads.cga,8,-1.75,2.0,54.5,0.4385888793113147,11.951546961233324
1011,piers.cga,0,,,,,
1012,roads.cga,8,0.0,0.0,2.0,0.0,0.4385888793113147
1013,roads.cga,13,0.5,1.5,14.0,0.328941659483486,3.070122155179203
1014,roads.cga,10,-10.5,10.5,46.0,2.3025916163844022,10.087544224160238
1015,roads.cga,17,-7.0,7.0,42.0,1.5350610775896014,9.210366465537609
1016,roads.cga,0,,,,,
1017,roads.cga,0,,,,,
1018,roads.cga,28,-9.25,9.25,59.0,2.0284735668148306,12.938371939683783
1019,roads.cga,8,0.0,1.5,17.5,0.328941659483486,3.8376526939740034
1020,roads.cga,12,-13.75,13.75,44.5,3.0152985452652885,9.758602564676753
1021,roads.cga,0,,,,,
1022,roads.cga,12,0.0,1.0,11.0,0.21929443965565734,2.412238836212231
1023,roads.cga,0,,,,,
1024,Pavement.cga,0,,,,,
1025,roads.cga,29,0.0,0.0,2.0,0.0,0.4385888793113147
1026,piers.cga,5,0.0,3.5,19.0,0.7675305387948007,4.16659435345749
1027,roads.cga,18,-5.0,5.0,53.0,1.0964721982782868,11.62260530174984
1028,roads.cga,7,11.0,11.0,53.0,2.412238836212231,11.62260530174984
1029,roads.cga,21,4.0,4.0,40.0,0.8771777586226294,8.771777586226294
1030,roads.cga,4,12.5,12.5,38.5,2.741180495695717,8.44283592674281
1031,roads.cga,0,,,,,
1032,piers.cga,28,0.0,0.75,8.0,0.164470829741743,1.7543555172452587
1033,roads.cga,12,0.0,0.0,2.0,0.0,0.4385888793113147
1034,roads.cga,10,0.0,3.0,28.0,0.657883318966972,6.140244310358406
1035,roads.cga,16,-4.0,4.0,47.0,0.8771777586226294,10.306838663815896
1036,roads.cga,1,0.0,0.0,2.0,0.0,0.4385888793113147
1037,roads.cga,13,1.5,3.0,29.0,0.657883318966972,6.359538750014063
1038,roads.cga,0,,,,,
1039,piers.cga,37,0.0,3.0,10.0,0.657883318966972,2.1929443965565736
1040,roads.cga,3,-11.5,11.5,62.0,2.5218860560400596,13.596255258650755
1041,piers.cga,9,0.0,0.0,2.0,0.0,0.4385888793113147
1042,roads.cga,10,-7.75,7.75,54.0,1.6995319073313444,11.841899741405497
1043,roads.cga,0,,,,,
1044,piers.cga,5,0.0,0.0,2.0,0.0,0.4385888793113147
1045,roads.cga,0,,,,,
1046,roads.cga,12,0.0,1.0,11.5,0.21929443965565734,2.5218860560400596
1047,roads.cga,14,0.0,0.0,2.0,0.0,0.4385888793113147
1048,roads.cga,15,-9.5,9.5,42.0,2.083297176728745,9.210366465537609
1049,piers.cga,12,0.0,2.25,9.5,0.493412489225229,2.083297176728745
1050,roads.cga,6,3.0,3.0,26.0,0.657883318966972,5.701655431047091
1051,roads.cga,0,,,,,
1052,roads.cga,10,-15.5,15.5,40.0,3.399063814662689,8.771777586226294
1053,roads.cga,0,,,,,
1054,roads.cga,16,5.5,5.5,56.0,1.2061194181061154,12.280488620716811
1055,piers.cga,14,0.0,0.5,5.0,0.10964721982782867,1.0964721982782868
1056,piers.cga,1,0.0,0.0,2.0,0.0,0.4385888793113147
1057,roads.cga,17,0.0,1.0,7.0,0.21929443965565734,1.5350610775896014
1058,piers.cga,21,0.0,0.0,2.0,0.0,0.4385888793113147
1059,roads.cga,6,-1.75,1.75,27.0,0.38376526939740035,5.920949870702748
1060,roads.cga,0,,,,,
1061,roads.cga,13,0.0,1.5,6.0,0.328941659483486,1.315766637933944
1062,roads.cga,0,,,,,
1063,roads.cga,17,4.5,5.5,25.0,1.2061194181061154,5.482360991391434
1064,roads.cga,10,7.0,7.0,18.5,1.5350610775896014,4.056947133629661
1065,Landscape_Design_Greenspace/Greenspace Construction.cga,0,,,,,
1066,roads.cga,0,,,,,
1067,piers.cga,5,-1.0,1.0,4.0,0.21929443965565734,0.8771777586226294
1068,roads.cga,4,0.0,0.0,2.0,0.0,0.4385888793113147
1069,roads.cga,7,16.5,16.5,51.0,3.618358254318346,11.184016422438525
1070,roads.cga,10,0.0,0.0,2.0,0.0,0.4385888793113147
1071,Landscape_Design_Greenspace/Greenspace Construction.cga,22,0.0,0.0,2.0,0.0,0.4385888793113147
1072,roads.cga,24,-2.5,2.5,44.0,0.5482360991391434,9.648955344848924
1073,roads.cga,0,,,,,
1074,roads.cga,17,-7.0,7.0,49.0,1.5350610775896014,10.74542754312721
1075,roads.cga,0,,,,,
1076,roads.cga,0,,,,,
1077,roads.cga,0,,,,,
1078,roads.cga,3,2.5,5.0,20.0,1.0964721982782868,4.385888793113147
1079,roads.cga,0,,,,,
1080,roads.cga,0,,,,,
1081,roads.cga,0,,,,,
1082,roads.cga,15,0.0,0.0,2.0,0.0,0.4385888793113147
1083,piers.cga,0,,,,,
1084,roads.cga,16,0.0,4.5,28.0,0.986824978450458,6.140244310358406
1085,roads.cga,11,0.0,0.0,2.0,0.0,0.4385888793113147
1086,roads.cga,11,0.0,0.0,2.0,0.0,0.4385888793113147
1087,roads.cga,0,,,,,
1088,roads.cga,0,,,,,
1089,roads.cga,0,,,,,
1090,roads.cga,0,,,,,
1091,roads.cga,21,0.0,0.5,4.0,0.10964721982782867,0.8771777586226294
1092,piers.cga,0,,,,,
1093,roads.cga,21,0.0,1.5,17.0,0.328941659483486,3.728005474146175
1094,roads.cga,0,,,,,
1095,roads.cga,9,-8.5,8.5,45.0,1.8640027370730874,9.868249784504581
1096,piers.cga,40,0.0,1.5,13.5,0.328941659483486,2.960474935351374
1097,roads.cga,14,0.0,0.0,2.0,0.0,0.4385888793113147
1098,piers.cga,0,,,,,
1099,piers.cga,0,,,,,
1100,roads.cga,0,,,,,
1101,roads.cga,15,1.0,1.0,20.0,0.21929443965565734,4.385888793113147
1102,roads.cga,15,2.5,4.0,21.0,0.8771777586226294,4.6051832327688045
1103,roads.cga,0,,,,,
1104,roads.cga,0,,,,,
1105,roads.cga,0,,,,,
1106,roads.cga,26,0.0,3.5,24.0,0.7675305387948007,5.263066551735776
1107,roads.cga,0,,,,,
1108,roads.cga,0,,,,,
1109,roads.cga,0,,,,,
1110,roads.cga,16,-8.75,8.75,33.0,1.9188263469870017,7.236716508636692
1111,roads.cga,3,0.0,0.0,2.0,0.0,0.4385888793113147
1112,roads.cga,15,-5.5,5.5,39.0,1.2061194181061154,8.552483146570637
1113,roads.cga,17,0.0,6.0,26.0,1.315766637933944,5.701655431047091
1114,piers.cga,15,0.0,0.5,3.0,0.10964721982782867,0.657883318966972
1115,roads.cga,14,21.0,21.0,45.0,4.6051832327688045,9.868249784504581
1116,roads.cga,0,,,,,
1117,roads.cga,21,6.5,6.5,29.0,1.4254138577617728,6.359538750014063
1118,piers.cga,0,,,,,
1119,roads.cga,0,,,,,
1120,piers.cga,0,,,,,
1121,roads.cga,0,,,,,
1122,roads.cga,0,,,,,
1123,roads.cga,0,,,,,
1124,roads.cga,32,-10.0,10.0,28.0,2.1929443965565736,6.140244310358406
1125,roads.cga,11,0.0,0.0,2.0,0.0,0.4385888793113147
1126,roads.cga,0,,,,,
1127,roads.cga,19,-1.5,1.5,47.0,0.328941659483486,10.306838663815896
1128,roads.cga,0,,,,,
1129,roads.cga,30,-8.0,8.0,38.0,1.7543555172452587,8.33318870691498
1130,roads.cga,0,,,,,
1131,piers.cga,5,0.0,0.0,2.0,0.0,0.4385888793113147
1132,roads.cga,5,18.0,18.0,40.0,3.947299913801832,8.771777586226294
1133,piers.cga,0,,,,,
1134,roads.cga,0,,,,,
1135,piers.cga,10,0.0,1.0,4.5,0.21929443965565734,0.986824978450458
1136,roads.cga,0,,,,,
1137,roads.cga,18,-6.75,6.75,53.0,1.480237467675687,11.62260530174984
1138,roads.cga,19,0.0,0.0,2.0,0.0,0.4385888793113147
1139,piers.cga,0,,,,,
1140,roads.cga,14,-4.5,4.5,47.0,0.986824978450458,10.306838663815896
1141,piers.cga,6,0.0,0.0,2.0,0.0,0.4385888793113147
1142,roads.cga,16,0.0,4.25,14.5,0.9320013685365437,3.1797693750070315
1143,roads.cga,10,0.0,0.0,2.0,0.0,0.4385888793113147
1144,roads.cga,0,,,,,
1145,roads.cga,20,0.0,4.5,27.0,0.986824978450458,5.920949870702748
1146,roads.cga,18,0.0,0.25,3.5,0.054823609913914335,0.7675305387948007
1147,roads.cga,17,-3.0,3.0,54.0,0.657883318966972,11.841899741405497
1148,piers.cga,0,,,,,
1149,roads.cga,0,,,,,
1150,roads.cga,0,,,,,
1151,roads.cga,0,,,,,
1152,roads.cga,14,0.0,0.0,2.0,0.0,0.4385888793113147
1153,roads.cga,0,,,,,
1154,roads.cga,0,,,,,
1155,roads.cga,0,,,,,
1156,piers.cga,24,-0.75,2.5,7.5,0.5482360991391434,1.64470829741743
1157,roads.cga,24,-4.25,4.25,20.5,0.9320013685365437,4.495536012940976
1158,roads.cga,0,,,,,
1159,roads.cga,0,,,,,
1160,piers.cga,0,,,,,
1161,roads.cga,0,,,,,
1162,roads.cga,0,,,,,
1163,roads.cga,2,0.0,0.0,2.0,0.0,0.4385888793113147
1164,roads.cga,13,0.0,0.0,2.0,0.0,0.4385888793113147
1165,piers.cga,17,7.5,7.5,27.0,1.64470829741743,5.920949870702748
1166,roads.cga,7,0.0,1.5,15.0,0.328941659483486,3.28941659483486
1167,piers.cga,8,0.0,0.0,2.0,0.0,0.4385888793113147
1168,roads.cga,8,0.0,0.0,2.0,0.0,0.4385888793113147
1169,roads.cga,6,0.0,0.0,2.0,0.0,0.4385888793113147
1170,roads.cga,16,0.25,2.5,40.5,0.5482360991391434,8.881424806054124
1171,roads.cga,14,-1.25,2.5,16.0,0.5482360991391434,3.5087110344905175
1172,roads.cga,25,-4.0,4.0,45.0,0.8771777586226294,9.868249784504581
1173,roads.cga,15,0.0,0.0,12.0,0.0,2.631533275867888
1174,roads.cga,0,,,,,
1175,piers.cga,29,-1.0,4.5,29.0,0.986824978450458,6.359538750014063
1176,roads.cga,12,0.0,0.0,2.0,0.0,0.4385888793113147
1177,roads.cga,0,,,,,
1178,roads.cga,0,,,,,
1179,roads.cga,9,0.0,0.0,2.0,0.0,0.4385888793113147
1180,roads.cga,21,-8.0,8.0,58.0,1.7543555172452587,12.719077500028126
1181,roads.cga,22,0.0,4.0,26.5,0.8771777586226294,5.81130265087492
1182,roads.cga,8,0.0,0.0,2.0,0.0,0.4385888793113147
1183,roads.cga,13,-7.5,7.5,22.0,1.64470829741743,4.824477672424462
1184,piers.cga,8,0.0,0.0,2.0,0.0,0.4385888793113147
1185,roads.cga,0,,,,,
1186,roads.cga,0,,,,,
1187,roads.cga,0,,,,,
1188,roads.cga,0,,,,,
1189,roads.cga,8,0.0,0.0,2.0,0.0,0.4385888793113147
1190,roads.cga,4,0.0,0.0,2.0,0.0,0.4385888793113147
1191,roads.cga,0,,,,,
1192,piers.cga,27,0.0,0.0,2.0,0.0,0.4385888793113147
1193,roads.cga,2,0.0,0.0,2.0,0.0,0.4385888793113147
1194,roads.cga,15,0.0,0.0,2.0,0.0,0.4385888793113147
1195,roads.cga,15,0.0,0.0,2.0,0.0,0.4385888793113147
1196,roads.cga,0,,,,,
1197,roads.cga,0,,,,,
1198,roads.cga,0,,,,,
1199,roads.cga,18,0.0,2.75,25.5,0.6030597090530577,5.592008211219262
1200,roads.cga,8,-19.75,19.75,46.0,4.331065183199233,10.087544224160238
1201,roads.cga,35,0.0,0.5,4.0,0.10964721982782867,0.8771777586226294
1202,piers.cga,0,,,,,
1203,roads.cga,12,8.5,8.5,20.0,1.8640027370730874,4.385888793113147
1204,roads.cga,26,-8.0,8.0,64.0,1.7543555172452587,14.03484413796207
1205,roads.cga,0,,,,,
1206,piers.cga,23,0.0,0.0,2.0,0.0,0.4385888793113147
1207,roads.cga,5,6.5,6.5,55.0,1.4254138577617728,12.061194181061154
1208,roads.cga,13,0.0,1.0,19.0,0.21929443965565734,4.16659435345749
1209,roads.cga,9,0.0,0.0,2.0,0.0,0.4385888793113147
1210,roads.cga,0,,,,,
1211,roads.cga,0,,,,,
1212,roads.cga,13,-5.5,5.5,36.0,1.2061194181061154,7.894599827603664
1213,roads.cga,0,,,,,
1214,roads.cga,9,0.0,0.0,2.0,0.0,0.4385888793113147
1215,roads.cga,24,0.0,0.0,2.0,0.0,0.4385888793113147
1216,roads.cga,13,0.0,0.0,2.0,0.0,0.4385888793113147
1217,roads.cga,0,,,,,
1218,roads.cga,28,0.0,0.0,2.0,0.0,0.4385888793113147
1219,roads.cga,0,,,,,
1220,Landscape_Design_Greenspace/Greenspace Construction.cga,15,0.0,0.0,2.0,0.0,0.4385888793113147
1221,piers.cga,0,,,,,
1222,roads.cga,17,6.0,6.0,31.0,1.315766637933944,6.798127629325378
1223,piers.cga,13,0.0,1.5,6.0,0.328941659483486,1.315766637933944
1224,roads.cga,13,0.0,0.0,2.0,0.0,0.4385888793113147
1225,roads.cga,15,-1.5,1.5,61.0,0.328941659483486,13.376960818995098
1226,roads.cga,24,0.0,1.5,13.5,0.328941659483486,2.960474935351374
1227,roads.cga,11,-3.0,3.0,38.0,0.657883318966972,8.33318870691498
1228,roads.cga,0,,,,,
1229,roads.cga,0,,,,,
1230,piers.cga,0,,,,,
1231,roads.cga,7,6.0,6.0,58.0,1.315766637933944,12.719077500028126
1232,roads.cga,2,0.0,0.0,2.0,0.0,0.4385888793113147
1233,roads.cga,10,0.0,0.0,2.0,0.0,0.4385888793113147
1234,roads.cga,14,3.0,3.0,10.0,0.657883318966972,2.1929443965565736
1235,roads.cga,11,-4.5,4.5,49.0,0.986824978450458,10.74542754312721
1236,roads.cga,7,-1.5,1.5,5.0,0.328941659483486,1.0964721982782868
1237,roads.cga,11,0.0,8.0,38.0,1.7543555172452587,8.33318870691498
1238,roads.cga,16,0.0,0.0,2.0,0.0,0.4385888793113147
1239,roads.cga,0,,,,,
1240,roads.cga,0,,,,,
1241,piers.cga,16,-4.0,4.0,43.0,0.8771777586226294,9.429660905193266
1242,roads.cga,0,,,,,
1243,roads.cga,11,0.0,5.0,40.0,1.0964721982782868,8.771777586226294
1244,roads.cga,0,,,,,
1245,roads.cga,0,,,,,
1246,roads.cga,4,5.75,5.75,20.5,1.2609430280200298,4.495536012940976
1247,roads.cga,30,10.0,10.0,33.0,2.1929443965565736,7.236716508636692
1248,roads.cga,2,5.0,5.0,17.0,1.0964721982782868,3.728005474146175
1249,roads.cga,2,0.0,0.0,2.0,0.0,0.4385888793113147
1250,roads.cga,12,-10.25,10.25,47.0,2.247768006470488,10.306838663815896
1251,roads.cga,2,1.0,1.0,4.0,0.21929443965565734,0.8771777586226294
1252,roads.cga,0,,,,,
1253,piers.cga,23,0.0,2.5,17.0,0.5482360991391434,3.728005474146175
1254,roads.cga,11,0.0,0.0,2.0,0.0,0.4385888793113147
1255,roads.cga,0,,,,,
1256,roads.cga,0,,,,,
1257,roads.cga,15,-8.5,8.5,51.0,1.8640027370730874,11.184016422438525
1258,roads.cga,0,,,,,
1259,roads.cga,17,0.0,0.0,2.0,0.0,0.4385888793113147
1260,roads.cga,10,-10.25,10.25,40.5,2.247768006470488,8.881424806054124
1261,roads.cga,3,-5.0,5.0,74.0,1.0964721982782868,16.227788534518645
1262,roads.cga,8,0.0,0.0,2.0,0.0,0.4385888793113147
1263,piers.cga,16,0.0,0.0,2.0,0.0,0.4385888793113147
1264,piers.cga,0,,,,,
1265,roads.cga,10,0.0,0.0,2.0,0.0,0.4385888793113147
1266,roads.cga,27,-2.5,5.0,22.0,1.0964721982782868,4.824477672424462
1267,roads.cga,0,,,,,
1268,roads.cga,0,,,,,
1269,piers.cga,0,,,,,
1270,roads.cga,21,18.0,18.0,47.0,3.947299913801832,10.306838663815896
1271,roads.cga,0,,,,,
1272,roads.cga,0,,,,,
1273,Landscape_Design_Greenspace/Greenspace Construction.cga,0,,,,,
1274,roads.cga,4,-5.0,5.5,23.0,1.2061194181061154,5.043772112080119
1275,roads.cga,25,0.5,2.0,52.0,0.4385888793113147,11.403310862094182
1276,roads.cga,22,0.0,0.0,2.0,0.0,0.4385888793113147
1277,piers.cga,28,2.5,5.0,20.5,1.0964721982782868,4.495536012940976
1278,roads.cga,18,4.0,4.0,38.0,0.8771777586226294,8.33318870691498
1279,roads.cga,12,0.0,5.5,34.5,1.2061194181061154,7.565658168120179
1280,piers.cga,6,-10.25,10.25,48.0,2.247768006470488,10.526133103471553
1281,roads.cga,13,-4.0,5.5,31.0,1.2061194181061154,6.798127629325378
1282,roads.cga,12,0.0,1.0,6.0,0.21929443965565734,1.315766637933944
1283,roads.cga,6,0.0,0.0,2.0,0.0,0.4385888793113147
1284,roads.cga,13,0.0,0.0,2.0,0.0,0.4385888793113147
1285,piers.cga,14,0.0,1.25,14.5,0.2741180495695717,3.1797693750070315
1286,roads.cga,0,,,,,
1287,Landscape_Design_Greenspace/Greenspace Construction.cga,3,0.0,0.0,2.0,0.0,0.4385888793113147
1288,roads.cga,24,0.0,0.0,2.0,0.0,0.4385888793113147
1289,roads.cga,8,0.0,0.0,2.0,0.0,0.4385888793113147
1290,roads.cga,24,1.0,1.0,35.5,0.21929443965565734,7.784952607775836
1291,roads.cga,9,0.0,1.0,12.0,0.21929443965565734,2.631533275867888
1292,roads.cga,0,,,,,
1293,piers.cga,0,,,,,
1294,roads.cga,0,,,,,
1295,roads.cga,22,-0.5,3.25,14.5,0.7127069288808864,3.1797693750070315
1296,roads.cga,16,16.0,16.0,36.5,3.5087110344905175,8.004247047431495
1297,roads.cga,23,10.0,10.0,39.0,2.1929443965565736,8.552483146570637
1298,roads.cga,9,0.0,0.0,2.0,0.0,0.4385888793113147
1299,Landscape_Design_Greenspace/Greenspace Construction.cga,13,0.0,0.0,2.0,0.0,0.4385888793113147
1300,piers.cga,0,,,,,
1301,roads.cga,17,1.0,1.0,49.0,0.21929443965565734,10.74542754312721
1302,roads.cga,0,,,,,
1303,roads.cga,0,,,,,
1304,Landscape_Design_Greenspace/Greenspace Construction.cga,13,0.0,0.0,2.0,0.0,0.4385888793113147
1305,roads.cga,0,,,,,
1306,roads.cga,0,,,,,
1307,piers.cga,8,-5.5,5.5,27.0,1.2061194181061154,5.920949870702748
1308,roads.cga,12,0.0,0.0,2.0,0.0,0.4385888793113147
1309,roads.cga,0,,,,,
1310,roads.cga,0,,,,,
1311,roads.cga,18,0.0,2.75,10.0,0.6030597090530577,2.1929443965565736
1312,piers.cga,29,-0.5,1.5,7.0,0.328941659483486,1.5350610775896014
1313,roads.cga,0,,,,,
1314,roads.cga,0,,,,,
1315,roads.cga,0,,,,,
1316,roads.cga,16,0.5,3.0,14.5,0.657883318966972,3.1797693750070315
1317,roads.cga,17,5.0,5.0,51.0,1.0964721982782868,11.184016422438525
1318,roads.cga,0,,,,,
1319,roads.cga,0,,,,,
1320,roads.cga,11,0.0,0.0,2.0,0.0,0.4385888793113147
1321,roads.cga,19,-12.5,12.5,45.0,2.741180495695717,9.868249784504581
1322,roads.cga,0,,,,,
1323,roads.cga,0,,,,,
1324,roads.cga,0,,,,,
1325,roads.cga,23,0.0,6.0,34.0,1.315766637933944,7.45601094829235
1326,roads.cga,14,7.0,7.0,38.0,1.5350610775896014,8.33318870691498
1327,roads.cga,0,,,,,
1328,roads.cga,0,,,,,
1329,roads.cga,3,0.0,0.0,2.0,0.0,0.4385888793113147
1330,piers.cga,13,0.0,3.0,21.0,0.657883318966972,4.6051832327688045
1331,roads.cga,16,5.0,5.0,30.0,1.0964721982782868,6.57883318966972
1332,roads.cga,33,0.5,1.5,20.0,0.328941659483486,4.385888793113147
1333,roads.cga,7,0.0,0.0,8.0,0.0,1.7543555172452587
1334,roads.cga,0,,,,,
1335,piers.cga,23,0.0,2.5,8.0,0.5482360991391434,1.7543555172452587
1336,piers.cga,7,0.0,0.0,2.0,0.0,0.4385888793113147
1337,roads.cga,19,0.0,4.0,26.0,0.8771777586226294,5.701655431047091
1338,roads.cga,0,,,,,
1339,roads.cga,10,0.0,0.0,2.0,0.0,0.4385888793113147
1340,roads.cga,29,-1.5,3.5,31.0,0.7675305387948007,6.798127629325378
1341,roads.cga,0,,,,,
1342,roads.cga,5,0.0,0.0,2.0,0.0,0.4385888793113147
1343,roads.cga,0,,,,,
1344,roads.cga,12,4.0,4.0,55.0,0.8771777586226294,12.061194181061154
1345,piers.cga,20,0.0,0.0,4.0,0.0,0.8771777586226294
1346,roads.cga,18,0.0,0.0,2.0,0.0,0.4385888793113147
1347,roads.cga,0,,,,,
1348,roads.cga,19,-13.5,13.5,43.0,2.960474935351374,9.429660905193266
1349,piers.cga,9,0.0,0.0,2.0,0.0,0.4385888793113147
1350,piers.cga,18,1.5,2.0,7.5,0.4385888793113147,1.64470829741743
1351,roads.cga,16,0.0,1.0,17.0,0.21929443965565734,3.728005474146175
1352,roads.cga,0,,,,,
1353,piers.cga,11,0.0,0.0,2.0,0.0,0.4385888793113147
1354,roads.cga,28,11.0,11.0,38.0,2.412238836212231,8.33318870691498
1355,roads.cga,7,0.0,0.0,2.0,0.0,0.4385888793113147
1356,roads.cga,0,,,,,
1357,roads.cga,0,,,,,
1358,roads.cga,0,,,,,
1359,roads.cga,3,-19.0,19.0,48.0,4.16659435345749,10.526133103471553
1360,roads.cga,0,,,,,
1361,roads.cga,8,0.5,2.75,39.5,0.6030597090530577,8.662130366398467
1362,roads.cga,22,2.75,2.75,56.0,0.6030597090530577,12.280488620716811
1363,roads.cga,0,,,,,
1364,roads.cga,6,0.75,0.75,16.0,0.164470829741743,3.5087110344905175
1365,Landscape_Design_Greenspace/Greenspace Construction.cga,13,0.0,1.5,43.0,0.328941659483486,9.429660905193266
1366,roads.cga,0,,,,,
1367,roads.cga,11,0.0,0.0,2.0,0.0,0.4385888793113147
1368,roads.cga,13,0.0,0.0,2.0,0.0,0.4385888793113147
1369,piers.cga,0,,,,,
1370,roads.cga,11,0.0,0.0,2.0,0.0,0.4385888793113147
1371,roads.cga,12,0.0,0.0,2.0,0.0,0.4385888793113147
1372,piers.cga,14,-7.0,7.0,42.0,1.5350610775896014,9.210366465537609
1373,roads.cga,29,0.0,0.0,2.0,0.0,0.4385888793113147
1374,roads.cga,0,,,,,
1375,Landscape_Design_Greenspace/Greenspace Construction.cga,6,0.0,0.5,5.0,0.10964721982782867,1.0964721982782868
1376,roads.cga,25,0.0,2.0,20.0,0.4385888793113147,4.385888793113147
1377,roads.cga,3,-2.5,2.5,82.0,0.5482360991391434,17.982144051763903
1378,Landscape_Design_Greenspace/Greenspace Construction.cga,13,0.0,0.0,2.0,0.0,0.4385888793113147
1379,roads.cga,16,-17.5,17.5,40.0,3.8376526939740034,8.771777586226294
1380,roads.cga,26,5.5,5.5,37.0,1.2061194181061154,8.113894267259322
1381,roads.cga,21,0.0,0.0,2.0,0.0,0.4385888793113147
1382,roads.cga,0,,,,,
1383,roads.cga,0,,,,,
1384,roads.cga,12,0.0,1.25,9.0,0.2741180495695717,1.973649956900916
1385,roads.cga,10,0.0,0.5,39.0,0.10964721982782867,8.552483146570637
1386,roads.cga,22,11.0,11.0,34.0,2.412238836212231,7.45601094829235
1387,roads.cga,15,0.0,0.0,2.0,0.0,0.4385888793113147
1388,roads.cga,21,6.5,6.5,19.0,1.4254138577617728,4.16659435345749
1389,piers.cga,0,,,,,
1390,roads.cga,0,,,,,
1391,roads.cga,9,0.0,0.0,2.0,0.0,0.4385888793113147
1392,roads.cga,9,0.0,0.0,2.0,0.0,0.4385888793113147
1393,piers.cga,16,0.0,0.0,2.0,0.0,0.4385888793113147
1394,roads.cga,13,8.5,8.5,21.0,1.8640027370730874,4.6051832327688045
1395,roads.cga,12,0.0,5.25,60.0,1.1512958081922011,13.15766637933944
1396,roads.cga,18,3.0,3.0,19.0,0.657883318966972,4.16659435345749
1397,roads.cga,0,,,,,
1398,piers.cga,12,0.0,0.0,2.0,0.0,0.4385888793113147
1399,roads.cga,6,0.0,0.0,2.0,0.0,0.4385888793113147
1400,roads.cga,14,-4.5,4.5,26.5,0.986824978450458,5.81130265087492
1401,piers.cga,25,0.0,3.5,33.0,0.7675305387948007,7.236716508636692
1402,roads.cga,0,,,,,
1403,roads.cga,14,7.0,7.0,22.0,1.5350610775896014,4.824477672424462
1404,roads.cga,25,0.0,0.5,5.0,0.10964721982782867,1.0964721982782868
1405,piers.cga,15,0.0,1.0,8.0,0.21929443965565734,1.7543555172452587
1406,roads.cga,0,,,,,
1407,piers.cga,30,0.0,1.75,8.0,0.38376526939740035,1.7543555172452587
1408,roads.cga,0,,,,,
1409,roads.cga,9,2.0,9.0,20.0,1.973649956900916,4.385888793113147
1410,roads.cga,0,,,,,
1411,piers.cga,4,1.25,1.25,27.0,0.2741180495695717,5.920949870702748
1412,roads.cga,0,,,,,
1413,roads.cga,8,0.5,1.5,27.0,0.328941659483486,5.920949870702748
1414,roads.cga,0,,,,,
1415,roads.cga,16,-3.0,3.0,46.0,0.657883318966972,10.087544224160238
1416,roads.cga,2,0.0,0.0,2.0,0.0,0.4385888793113147
1417,roads.cga,20,-1.0,5.25,29.0,1.1512958081922011,6.359538750014063
1418,roads.cga,25,0.0,8.0,38.0,1.7543555172452587,8.33318870691498
1419,roads.cga,0,,,,,
1420,roads.cga,0,,,,,
1421,roads.cga,23,-6.5,6.5,46.0,1.4254138577617728,10.087544224160238
1422,roads.cga,12,3.25,3.25,9.0,0.7127069288808864,1.973649956900916
1423,roads.cga,22,0.0,0.0,2.0,0.0,0.4385888793113147
1424,roads.cga,4,0.0,0.0,2.0,0.0,0.4385888793113147
1425,roads.cga,10,1.75,1.75,13.5,0.38376526939740035,2.960474935351374
1426,roads.cga,0,,,,,
1427,piers.cga,2,0.0,0.0,2.0,0.0,0.4385888793113147
1428,roads.cga,21,0.0,0.0,2.0,0.0,0.4385888793113147
1429,roads.cga,2,0.0,0.0,2.0,0.0,0.4385888793113147
1430,roads.cga,24,6.75,6.75,35.0,1.480237467675687,7.675305387948007
1431,roads.cga,6,0.0,0.0,2.0,0.0,0.4385888793113147
1432,roads.cga,13,8.0,8.0,46.0,1.7543555172452587,10.087544224160238
1433,roads.cga,2,-18.25,18.25,51.5,4.002123523715747,11.293663642266353
1434,roads.cga,18,-4.0,4.0,44.0,0.8771777586226294,9.648955344848924
1435,roads.cga,0,,,,,
1436,roads.cga,0,,,,,
1437,roads.cga,5,0.0,4.5,43.0,0.986824978450458,9.429660905193266
1438,roads.cga,25,0.0,0.0,2.0,0.0,0.4385888793113147
1439,roads.cga,18,7.75,9.25,44.0,2.0284735668148306,9.648955344848924
1440,roads.cga,19,3.5,3.5,42.0,0.7675305387948007,9.210366465537609
1441,roads.cga,0,,,,,
1442,roads.cga,21,0.0,2.0,22.0,0.4385888793113147,4.824477672424462
1443,roads.cga,12,0.0,0.0,2.0,0.0,0.4385888793113147
1444,roads.cga,21,-9.5,9.5,42.0,2.083297176728745,9.210366465537609
1445,roads.cga,26,-12.5,12.5,49.0,2.741180495695717,10.74542754312721
1446,piers.cga,13,0.0,0.0,2.0,0.0,0.4385888793113147
1447,roads.cga,0,,,,,
1448,roads.cga,0,,,,,
1449,roads.cga,22,0.0,0.25,2.5,0.054823609913914335,0.5482360991391434
1450,roads.cga,8,0.0,0.0,2.0,0.0,0.4385888793113147
1451,roads.cga,0,,,,,
1452,piers.cga,7,16.5,16.5,54.0,3.618358254318346,11.841899741405497
1453,roads.cga,0,,,,,
1454,roads.cga,17,-10.5,10.5,47.0,2.3025916163844022,10.306838663815896
1455,roads.cga,15,0.0,0.0,2.0,0.0,0.4385888793113147
1456,roads.cga,0,,,,,
1457,roads.cga,14,0.0,0.75,11.0,0.164470829741743,2.412238836212231
1458,roads.cga,21,2.0,6.0,28.0,1.315766637933944,6.140244310358406
1459,roads.cga,0,,,,,
1460,roads.cga,17,0.5,0.5,25.0,0.10964721982782867,5.482360991391434
1461,roads.cga,4,-1.25,1.25,25.0,0.2741180495695717,5.482360991391434
1462,roads.cga,18,0.0,0.0,2.0,0.0,0.4385888793113147
1463,roads.cga,22,0.0,7.0,40.5,1.5350610775896014,8.881424806054124
1464,roads.cga,3,0.0,0.0,2.0,0.0,0.4385888793113147
1465,roads.cga,16,-4.75,4.75,42.5,1.0416485883643725,9.320013685365439
1466,roads.cga,0,,,,,
1467,roads.cga,10,0.25,2.5,41.0,0.5482360991391434,8.991072025881952
1468,roads.cga,19,0.0,9.5,40.0,2.083297176728745,8.771777586226294
1469,roads.cga,25,-13.0,13.0,50.0,2.8508277155235455,10.964721982782867
1470,roads.cga,0,,,,,
1471,roads.cga,10,0.0,0.0,2.0,0.0,0.4385888793113147
1472,roads.cga,0,,,,,
1473,roads.cga,16,-2.0,2.0,58.0,0.4385888793113147,12.719077500028126
1474,piers.cga,0,,,,,
1475,roads.cga,0,,,,,
1476,roads.cga,7,0.0,0.0,2.0,0.0,0.4385888793113147
1477,roads.cga,0,,,,,
1478,roads.cga,0,,,,,
1479,roads.cga,16,0.0,0.0,2.0,0.0,0.4385888793113147
1480,roads.cga,0,,,,,
1481,roads.cga,0,,,,,
1482,piers.cga,20,0.0,3.5,11.5,0.7675305387948007,2.5218860560400596
1483,roads.cga,0,,,,,
1484,roads.cga,0,,,,,
1485,roads.cga,0,,,,,
1486,roads.cga,13,9.0,9.0,41.0,1.973649956900916,8.991072025881952
1487,roads.cga,0,,,,,
1488,roads.cga,23,-6.5,6.5,46.0,1.4254138577617728,10.087544224160238
1489,roads.cga,7,9.0,9.0,61.0,1.973649956900916,13.376960818995098
1490,roads.cga,11,6.5,6.5,20.0,1.4254138577617728,4.385888793113147
1491,roads.cga,0,,,,,
1492,roads.cga,0,,,,,
1493,roads.cga,1,0.0,0.0,2.0,0.0,0.4385888793113147
1494,roads.cga,8,0.0,0.0,2.0,0.0,0.4385888793113147
1495,roads.cga,5,0.0,0.0,2.0,0.0,0.4385888793113147
1496,roads.cga,17,0.0,2.5,38.0,0.5482360991391434,8.33318870691498
1497,roads.cga,19,-6.5,6.5,35.0,1.4254138577617728,7.675305387948007
1498,roads.cga,0,,,,,
1499,roads.cga,7,-12.0,12.0,57.0,2.631533275867888,12.499783060372469
1500,roads.cga,19,6.5,6.5,45.0,1.4254138577617728,9.868249784504581
1501,roads.cga,14,0.0,0.0,2.0,0.0,0.4385888793113147
1502,roads.cga,18,4.0,4.0,18.0,0.8771777586226294,3.947299913801832
1503,piers.cga,2,-1.0,1.0,4.0,0.21929443965565734,0.8771777586226294
1504,roads.cga,0,,,,,
1505,roads.cga,2,0.0,0.0,2.0,0.0,0.4385888793113147
1506,roads.cga,4,-18.5,18.5,46.0,4.056947133629661,10.087544224160238
1507,roads.cga,9,0.0,0.0,2.0,0.0,0.4385888793113147
1508,roads.cga,9,0.0,0.0,2.0,0.0,0.4385888793113147
1509,roads.cga,0,,,,,
1510,piers.cga,0,,,,,
1511,roads.cga,20,17.5,17.5,41.0,3.8376526939740034,8.991072025881952
1512,roads.cga,16,0.0,0.0,2.0,0.0,0.4385888793113147
1513,roads.cga,17,-6.5,6.5,17.0,1.4254138577617728,3.728005474146175
1514,piers.cga,4,9.25,9.25,35.5,2.0284735668148306,7.784952607775836
1515,piers.cga,2,0.0,0.0,2.0,0.0,0.4385888793113147
1516,roads.cga,0,,,,,
1517,roads.cga,0,,,,,
1518,piers.cga,0,,,,,
1519,roads.cga,9,-5.0,5.0,28.0,1.0964721982782868,6.140244310358406
1520,roads.cga,20,-3.25,3.25,31.0,0.7127069288808864,6.798127629325378
1521,roads.cga,1,0.0,0.0,2.0,0.0,0.4385888793113147
1522,roads.cga,14,0.0,0.0,2.0,0.0,0.4385888793113147
1523,roads.cga,22,-1.25,2.5,17.5,0.5482360991391434,3.8376526939740034
1524,roads.cga,8,-5.5,5.5,48.5,1.2061194181061154,10.63578032329938
1525,roads.cga,0,,,,,
1526,roads.cga,11,12.0,12.0,38.0,2.631533275867888,8.33318870691498
1527,roads.cga,7,-4.0,4.0,34.0,0.8771777586226294,7.45601094829235
1528,roads.cga,20,-6.25,6.25,42.0,1.3705902478478584,9.210366465537609
1529,roads.cga,0,,,,,
1530,roads.cga,20,0.0,0.0,2.0,0.0,0.4385888793113147
1531,roads.cga,25,-3.0,3.0,29.0,0.657883318966972,6.359538750014063
1532,piers.cga,17,0.0,2.0,26.0,0.4385888793113147,5.701655431047091
1533,roads.cga,15,0.0,1.5,21.0,0.328941659483486,4.6051832327688045
1534,roads.cga,19,0.0,0.0,2.0,0.0,0.4385888793113147
1535,roads.cga,21,0.0,0.0,2.0,0.0,0.4385888793113147
1536,roads.cga,0,,,,,
1537,roads.cga,25,-3.5,3.5,18.0,0.7675305387948007,3.947299913801832
1538,roads.cga,11,0.0,2.5,21.0,0.5482360991391434,4.6051832327688045
1539,roads.cga,3,0.0,0.0,2.0,0.0,0.4385888793113147
1540,piers.cga,4,1.25,1.25,4.5,0.2741180495695717,0.986824978450458
1541,roads.cga,0,,,,,
1542,roads.cga,0,,,,,
1543,roads.cga,15,-8.0,8.0,37.0,1.7543555172452587,8.113894267259322
1544,piers.cga,8,0.0,0.0,2.0,0.0,0.4385888793113147
1545,roads.cga,2,0.75,0.75,3.5,0.164470829741743,0.7675305387948007
1546,piers.cga,10,-5.5,5.5,14.5,1.2061194181061154,3.1797693750070315
1547,roads.cga,21,0.0,0.0,2.0,0.0,0.4385888793113147
1548,roads.cga,5,0.0,0.0,2.0,0.0,0.4385888793113147
1549,roads.cga,11,0.5,1.0,9.0,0.21929443965565734,1.973649956900916
1550,piers.cga,4,-0.75,1.25,8.0,0.2741180495695717,1.7543555172452587
1551,piers.cga,13,0.0,2.0,44.0,0.4385888793113147,9.648955344848924
1552,roads.cga,3,0.0,4.5,11.0,0.986824978450458,2.412238836212231
1553,roads.cga,0,,,,,
1554,roads.cga,23,-11.5,11.5,31.0,2.5218860560400596,6.798127629325378
1555,roads.cga,1,-3.0,3.0,14.0,0.657883318966972,3.070122155179203
1556,roads.cga,11,-2.5,2.5,48.0,0.5482360991391434,10.526133103471553
1557,roads.cga,19,0.0,2.5,21.0,0.5482360991391434,4.6051832327688045
1558,Landscape_Design_Greenspace/Greenspace Construction.cga,0,,,,,
1559,roads.cga,0,,,,,
1560,roads.cga,7,-1.5,4.0,21.0,0.8771777586226294,4.6051832327688045
1561,roads.cga,40,0.0,1.0,6.0,0.21929443965565734,1.315766637933944
1562,roads.cga,17,-3.0,3.0,26.0,0.657883318966972,5.701655431047091
1563,roads.cga,0,,,,,
1564,piers.cga,0,,,,,
1565,piers.cga,0,,,,,
1566,roads.cga,4,0.5,6.0,63.0,1.315766637933944,13.815549698306413
1567,piers.cga,0,,,,,
1568,roads.cga,4,-9.25,9.25,22.5,2.0284735668148306,4.9341248922522905
1569,roads.cga,0,,,,,
1570,roads.cga,11,0.0,8.0,58.0,1.7543555172452587,12.719077500028126
1571,roads.cga,18,-14.5,14.5,53.0,3.1797693750070315,11.62260530174984
1572,roads.cga,0,,,,,
1573,roads.cga,0,,,,,
1574,roads.cga,20,4.0,4.0,20.0,0.8771777586226294,4.385888793113147
1575,roads.cga,26,1.25,4.75,19.0,1.0416485883643725,4.16659435345749
1576,roads.cga,9,0.0,0.0,2.0,0.0,0.4385888793113147
1577,piers.cga,19,0.0,7.5,29.0,1.64470829741743,6.359538750014063
1578,roads.cga,0,,,,,
1579,roads.cga,7,0.0,0.0,2.0,0.0,0.4385888793113147
1580,roads.cga,0,,,,,
1581,piers.cga,9,0.0,0.0,2.0,0.0,0.4385888793113147
1582,roads.cga,1,0.0,0.0,2.0,0.0,0.4385888793113147
1583,roads.cga,9,0.0,0.0,2.0,0.0,0.4385888793113147
1584,roads.cga,23,6.5,7.0,34.0,1.5350610775896014,7.45601094829235
1585,roads.cga,8,0.0,0.0,2.0,0.0,0.4385888793113147
1586,roads.cga,0,,,,,
1587,piers.cga,6,0.0,0.0,2.0,0.0,0.4385888793113147
1588,roads.cga,2,9.5,9.5,22.0,2.083297176728745,4.824477672424462
1589,roads.cga,0,,,,,
1590,roads.cga,20,1.5,2.75,38.5,0.6030597090530577,8.44283592674281
